url,sender_from,sender_time,title
https://www.douban.com/doumail/104500382/,天使在看（1）,2016-03-10,"
您好~邀您加入“智能硬件有...
"
https://www.douban.com/doumail/133752520/,[已注销]（1）,2015-10-11,"
豆瓣小组成员，我们开通了微...
"
https://www.douban.com/doumail/system/,系统豆邮（6）,2015-02-03,"
第四届阿比鹿音乐奖公布获奖名单啦！
"
https://www.douban.com/doumail/111828/,倾听文字的声音小站（5）,2014-12-14,"
悦读FM新版上线啦！
"
