学生id,助学金金额
2,2000
3,1000
16,2000
17,2000
32,2000
33,1000
34,2000
35,2000
38,1000
39,1000
46,2000
47,1500
48,2000
49,2000
60,2000
61,2000
72,1000
73,1000
90,2000
91,1000
96,2000
97,1000
100,2000
101,2000
102,2000
103,2000
104,2000
105,2000
108,2000
109,2000
110,2000
111,2000
114,2000
115,2000
116,2000
117,2000
120,2000
121,2000
136,2000
137,2000
140,2000
141,2000
146,2000
147,2000
148,2000
149,2000
166,2000
167,2000
182,2000
183,2000
190,2000
191,1000
200,2000
201,2000
202,1000
203,2000
204,2000
205,2000
214,2000
215,1000
218,2000
219,2000
228,2000
229,2000
234,2000
235,0
250,2000
251,2000
260,2000
261,2000
268,2000
269,2000
270,2000
271,0
272,2000
273,2000
274,2000
275,2000
276,2000
277,2000
278,2000
279,2000
286,2000
287,2000
290,1000
291,2000
298,2000
299,2000
304,2000
305,2000
308,2000
309,2000
310,2000
311,2000
312,2000
313,2000
318,1000
319,2000
320,1000
321,2000
324,1500
325,2000
328,2000
329,2000
334,2000
335,2000
344,2000
345,1000
348,2000
349,2000
358,2000
359,2000
362,2000
363,2000
376,1500
377,1500
384,2000
385,2000
386,2000
387,2000
388,2000
389,2000
390,1000
391,2000
394,1000
395,2000
396,2000
397,1000
404,2000
405,1000
416,2000
417,2000
418,2000
419,2000
420,2000
421,2000
424,2000
425,2000
432,2000
433,2000
442,2000
443,2000
444,2000
445,2000
446,2000
447,2000
452,2000
453,2000
454,2000
455,1000
460,2000
461,2000
462,2000
463,2000
466,1000
467,2000
468,2000
469,2000
474,2000
475,2000
478,2000
479,2000
484,2000
485,2000
486,1000
487,1000
488,1000
489,1000
498,2000
499,1000
500,2000
501,2000
502,2000
503,1000
512,2000
513,2000
526,2000
527,2000
544,1000
545,0
550,2000
551,2000
558,2000
559,2000
562,2000
563,2000
570,2000
571,2000
574,2000
575,2000
578,2000
579,1000
582,2000
583,2000
586,1000
587,2000
588,2000
589,2000
592,2000
593,2000
594,2000
595,1000
598,2000
599,2000
604,1000
605,2000
608,1000
609,1000
610,2000
611,2000
614,1000
615,1000
618,2000
619,2000
620,2000
621,2000
630,1000
631,2000
640,2000
641,2000
642,2000
643,2000
646,1000
647,2000
654,2000
655,2000
664,1000
665,1000
668,1000
669,2000
678,2000
679,2000
682,1000
683,1000
684,2000
685,2000
686,2000
687,2000
692,2000
693,2000
710,2000
711,2000
728,2000
729,2000
730,2000
731,2000
734,2000
735,2000
736,1000
737,1000
738,2000
739,2000
740,2000
741,2000
748,2000
749,2000
750,2000
751,2000
758,2000
759,2000
766,2000
767,2000
776,2000
777,2000
788,2000
789,2000
790,2000
791,2000
798,1000
799,2000
804,1000
805,2000
808,2000
809,2000
810,2000
811,1500
830,2000
831,1000
832,1500
833,2000
834,1000
835,2000
842,1500
843,2000
846,2000
847,2000
848,2000
849,2000
850,2000
851,2000
852,2000
853,2000
854,2000
855,2000
858,2000
859,2000
860,2000
861,2000
864,2000
865,2000
868,1500
869,2000
902,2000
903,1500
914,2000
915,2000
922,2000
923,2000
924,1000
925,2000
934,2000
935,2000
938,2000
939,2000
942,1000
943,2000
944,2000
945,1000
950,2000
951,2000
952,2000
953,1500
954,2000
955,2000
956,1000
957,1000
960,2000
961,2000
974,1000
975,2000
978,2000
979,2000
980,1000
981,2000
982,2000
983,2000
984,2000
985,2000
992,2000
993,2000
994,2000
995,2000
1000,2000
1001,2000
1008,2000
1009,2000
1022,2000
1023,2000
1026,2000
1027,1500
1038,2000
1039,2000
1044,2000
1045,2000
1046,2000
1047,2000
1048,2000
1049,2000
1052,2000
1053,2000
1058,2000
1059,2000
1060,1500
1061,2000
1062,2000
1063,2000
1064,2000
1065,2000
1066,1500
1067,2000
1068,2000
1069,2000
1074,2000
1075,2000
1078,2000
1079,2000
1080,2000
1081,2000
1088,2000
1089,2000
1092,2000
1093,2000
1096,2000
1097,2000
1120,2000
1121,2000
1128,2000
1129,2000
1130,2000
1131,2000
1134,2000
1135,2000
1140,2000
1141,2000
1144,2000
1145,1000
1150,2000
1151,2000
1152,2000
1153,2000
1156,2000
1157,1500
1166,1000
1167,2000
1168,2000
1169,2000
1176,2000
1177,2000
1198,2000
1199,2000
1204,2000
1205,2000
1206,1500
1207,2000
1208,2000
1209,2000
1210,2000
1211,2000
1212,2000
1213,2000
1214,2000
1215,1500
1216,2000
1217,2000
1220,2000
1221,2000
1224,2000
1225,2000
1232,2000
1233,2000
1240,2000
1241,2000
1246,2000
1247,2000
1252,2000
1253,2000
1256,1000
1257,2000
1268,2000
1269,2000
1270,2000
1271,2000
1272,2000
1273,2000
1282,2000
1283,2000
1284,2000
1285,2000
1288,1000
1289,2000
1290,2000
1291,2000
1304,1000
1305,2000
1306,2000
1307,2000
1318,2000
1319,2000
1320,2000
1321,2000
1324,2000
1325,2000
1326,2000
1327,2000
1350,1000
1351,1000
1352,2000
1353,2000
1354,1000
1355,1500
1358,2000
1359,2000
1364,2000
1365,2000
1372,2000
1373,2000
1392,2000
1393,2000
1396,2000
1397,2000
1414,2000
1415,2000
1434,1000
1435,2000
1440,2000
1441,2000
1448,2000
1449,2000
1452,2000
1453,2000
1460,2000
1461,2000
1464,2000
1465,2000
1476,2000
1477,2000
1478,2000
1479,2000
1480,1000
1481,2000
1486,2000
1487,2000
1488,2000
1489,2000
1494,1000
1495,2000
1504,2000
1505,2000
1518,2000
1519,2000
1520,2000
1521,2000
1524,2000
1525,2000
1532,2000
1533,2000
1534,2000
1535,2000
1548,2000
1549,2000
1552,2000
1553,2000
1554,2000
1555,2000
1564,2000
1565,2000
1568,2000
1569,2000
1570,2000
1571,1500
1576,1000
1577,2000
1580,1000
1581,1000
1592,2000
1593,2000
1628,2000
1629,2000
1634,2000
1635,2000
1640,2000
1641,1000
1660,2000
1661,2000
1662,2000
1663,2000
1664,2000
1665,2000
1666,2000
1667,2000
1674,2000
1675,2000
1682,2000
1683,2000
1686,2000
1687,2000
1696,2000
1697,2000
1714,2000
1715,2000
1720,2000
1721,2000
1724,2000
1725,2000
1732,2000
1733,2000
1734,2000
1735,2000
1742,2000
1743,2000
1744,2000
1745,2000
1748,2000
1749,2000
1754,2000
1755,2000
1756,2000
1757,1500
1758,2000
1759,2000
1760,2000
1761,2000
1780,2000
1781,2000
1788,2000
1789,2000
1790,2000
1791,2000
1792,2000
1793,2000
1796,2000
1797,2000
1798,2000
1799,2000
1800,2000
1801,2000
1804,2000
1805,2000
1822,2000
1823,2000
1824,2000
1825,2000
1828,2000
1829,2000
1836,2000
1837,2000
1844,2000
1845,2000
1856,2000
1857,2000
1862,2000
1863,2000
1866,2000
1867,2000
1868,2000
1869,2000
1876,2000
1877,2000
1878,1000
1879,2000
1880,2000
1881,2000
1886,1000
1887,2000
1890,1500
1891,2000
1892,1000
1893,2000
1900,2000
1901,1000
1904,2000
1905,1500
1910,2000
1911,2000
1914,1500
1915,2000
1926,2000
1927,2000
1928,2000
1929,2000
1938,1500
1939,2000
1942,2000
1943,2000
1944,2000
1945,2000
1946,2000
1947,2000
1948,2000
1949,2000
1954,2000
1955,2000
1964,2000
1965,2000
1966,2000
1967,2000
1972,2000
1973,2000
1974,2000
1975,2000
1994,2000
1995,2000
1996,2000
1997,2000
1998,2000
1999,2000
2004,2000
2005,2000
2006,2000
2007,2000
2018,2000
2019,2000
2030,2000
2031,2000
2032,2000
2033,1000
2034,2000
2035,2000
2048,2000
2049,2000
2052,2000
2053,2000
2056,2000
2057,2000
2070,2000
2071,2000
2076,2000
2077,2000
2094,2000
2095,1500
2096,2000
2097,2000
2126,2000
2127,2000
2128,2000
2129,2000
2130,2000
2131,2000
2138,1000
2139,2000
2156,2000
2157,1000
2164,2000
2165,2000
2168,2000
2169,2000
2178,1500
2179,2000
2180,2000
2181,2000
2196,2000
2197,2000
2206,2000
2207,2000
2214,2000
2215,2000
2224,2000
2225,2000
2228,2000
2229,2000
2230,2000
2231,2000
2236,2000
2237,2000
2246,2000
2247,2000
2248,2000
2249,2000
2264,2000
2265,2000
2266,2000
2267,1000
2272,2000
2273,2000
2298,2000
2299,2000
2310,2000
2311,2000
2314,2000
2315,2000
2318,2000
2319,2000
2348,2000
2349,1000
2354,2000
2355,2000
2358,1500
2359,2000
2362,2000
2363,2000
2366,2000
2367,2000
2368,2000
2369,2000
2372,2000
2373,1000
2374,2000
2375,2000
2380,2000
2381,2000
2382,2000
2383,2000
2384,1000
2385,1000
2390,2000
2391,2000
2402,1000
2403,0
2408,1000
2409,1000
2410,2000
2411,1000
2424,2000
2425,2000
2432,1000
2433,2000
2438,1000
2439,2000
2442,2000
2443,2000
2444,2000
2445,2000
2448,2000
2449,2000
2454,2000
2455,2000
2456,2000
2457,2000
2460,2000
2461,2000
2462,1000
2463,2000
2464,2000
2465,2000
2466,2000
2467,2000
2478,1000
2479,2000
2482,1500
2483,2000
2486,2000
2487,2000
2490,2000
2491,2000
2492,1000
2493,2000
2494,2000
2495,1000
2498,2000
2499,1500
2500,2000
2501,2000
2508,2000
2509,2000
2510,2000
2511,2000
2516,1000
2517,1000
2532,2000
2533,2000
2540,2000
2541,0
2550,2000
2551,2000
2556,2000
2557,2000
2562,2000
2563,2000
2570,2000
2571,2000
2572,1000
2573,2000
2576,2000
2577,2000
2580,2000
2581,1000
2582,2000
2583,1000
2584,2000
2585,0
2598,2000
2599,2000
2606,2000
2607,2000
2612,2000
2613,1000
2622,2000
2623,2000
2626,1000
2627,2000
2628,2000
2629,2000
2632,1000
2633,1000
2636,1000
2637,2000
2644,1000
2645,1000
2648,1000
2649,2000
2654,1000
2655,1000
2656,0
2657,0
2658,1000
2659,2000
2662,2000
2663,2000
2672,2000
2673,2000
2674,1000
2675,0
2678,2000
2679,2000
2680,2000
2681,1500
2682,1000
2683,1000
2690,1000
2691,0
2696,2000
2697,2000
2700,2000
2701,2000
2706,2000
2707,2000
2708,1000
2709,2000
2712,1000
2713,2000
2720,2000
2721,2000
2722,1000
2723,2000
2730,2000
2731,2000
2732,2000
2733,2000
2738,2000
2739,2000
2748,1000
2749,2000
2764,2000
2765,2000
2766,2000
2767,2000
2776,2000
2777,2000
2782,2000
2783,1500
2788,2000
2789,2000
2802,1000
2803,2000
2810,1000
2811,2000
2818,2000
2819,0
2826,2000
2827,2000
2838,1000
2839,2000
2856,2000
2857,2000
2858,2000
2859,2000
2864,2000
2865,1000
2872,1000
2873,1000
2878,2000
2879,2000
2894,2000
2895,0
2904,2000
2905,2000
2906,2000
2907,2000
2914,2000
2915,1000
2920,2000
2921,2000
2926,2000
2927,2000
2930,2000
2931,1000
2938,2000
2939,2000
2944,2000
2945,2000
2948,2000
2949,2000
2952,2000
2953,2000
2954,2000
2955,1500
2956,2000
2957,2000
2958,1000
2959,0
2962,1000
2963,0
2970,2000
2971,2000
2972,2000
2973,1500
2974,2000
2975,2000
2976,2000
2977,2000
2982,2000
2983,2000
2984,2000
2985,2000
2990,2000
2991,2000
2992,2000
2993,2000
2996,2000
2997,1000
3012,2000
3013,1000
3014,2000
3015,1000
3018,2000
3019,2000
3034,2000
3035,0
3048,2000
3049,2000
3062,1000
3063,1000
3076,2000
3077,1500
3080,2000
3081,2000
3086,2000
3087,2000
3094,2000
3095,2000
3096,2000
3097,1500
3114,2000
3115,2000
3120,1000
3121,2000
3122,2000
3123,2000
3124,2000
3125,2000
3126,2000
3127,2000
3144,2000
3145,1000
3148,2000
3149,2000
3160,2000
3161,2000
3162,2000
3163,2000
3164,2000
3165,2000
3180,2000
3181,2000
3188,2000
3189,2000
3196,2000
3197,1000
3198,1000
3199,2000
3206,2000
3207,2000
3220,2000
3221,1500
3224,1000
3225,2000
3226,2000
3227,2000
3228,2000
3229,2000
3232,2000
3233,2000
3238,2000
3239,1000
3240,2000
3241,1000
3244,1000
3245,2000
3246,2000
3247,2000
3250,2000
3251,1000
3254,2000
3255,1000
3256,2000
3257,2000
3260,2000
3261,1000
3264,2000
3265,1000
3270,2000
3271,1000
3274,2000
3275,0
3284,2000
3285,2000
3286,1500
3287,1000
3292,2000
3293,2000
3298,2000
3299,1000
3300,1500
3301,2000
3302,2000
3303,1000
3304,2000
3305,2000
3312,2000
3313,1000
3316,2000
3317,1000
3318,2000
3319,1000
3322,2000
3323,2000
3326,2000
3327,2000
3328,2000
3329,1000
3340,2000
3341,0
3344,2000
3345,2000
3348,2000
3349,1000
3352,2000
3353,2000
3358,2000
3359,1000
3362,1500
3363,1500
3364,1000
3365,2000
3372,2000
3373,2000
3376,1500
3377,1000
3378,2000
3379,1000
3380,2000
3381,2000
3382,2000
3383,1000
3384,2000
3385,1000
3388,2000
3389,1000
3390,2000
3391,2000
3394,2000
3395,2000
3402,2000
3403,2000
3404,1000
3405,1000
3406,1000
3407,1000
3412,2000
3413,2000
3418,2000
3419,2000
3420,2000
3421,1000
3426,2000
3427,1000
3430,1000
3431,1000
3436,1000
3437,2000
3448,2000
3449,1000
3450,2000
3451,1000
3456,1000
3457,1000
3458,2000
3459,1000
3460,2000
3461,2000
3462,2000
3463,1000
3488,2000
3489,2000
3490,2000
3491,2000
3500,1500
3501,1000
3510,2000
3511,1000
3516,2000
3517,1000
3518,0
3519,2000
3520,2000
3521,1000
3530,2000
3531,2000
3532,2000
3533,1000
3534,2000
3535,2000
3538,2000
3539,2000
3540,2000
3541,1000
3546,2000
3547,2000
3556,2000
3557,1000
3568,2000
3569,2000
3576,1000
3577,1000
3578,2000
3579,1000
3580,1000
3581,0
3588,2000
3589,1000
3590,2000
3591,1500
3596,2000
3597,2000
3598,2000
3599,0
3602,1500
3603,1000
3604,1000
3605,0
3614,1000
3615,1000
3624,2000
3625,1000
3628,2000
3629,1000
3632,2000
3633,2000
3640,2000
3641,1000
3642,1500
3643,1000
3644,2000
3645,0
3652,2000
3653,2000
3656,2000
3657,2000
3658,2000
3659,2000
3666,2000
3667,1000
3668,2000
3669,2000
3682,1000
3683,0
3686,2000
3687,1000
3692,1000
3693,1000
3696,2000
3697,2000
3700,2000
3701,1000
3702,0
3703,1000
3704,2000
3705,1000
3706,1000
3707,1000
3708,2000
3709,1000
3710,2000
3711,1000
3712,2000
3713,2000
3726,2000
3727,1000
3738,2000
3739,1000
3750,2000
3751,1000
3754,2000
3755,1000
3766,2000
3767,1000
3772,0
3773,2000
3774,1000
3775,2000
3776,2000
3777,2000
3778,1000
3779,1000
3786,1000
3787,2000
3808,2000
3809,2000
3816,2000
3817,2000
3818,0
3819,1000
3822,0
3823,1000
3824,2000
3825,1000
3826,1000
3827,1000
3832,2000
3833,2000
3846,2000
3847,1000
3850,2000
3851,1000
3852,2000
3853,2000
3860,1000
3861,2000
3862,2000
3863,2000
3872,2000
3873,1000
3874,1000
3875,1000
3876,2000
3877,2000
3882,2000
3883,1500
3892,2000
3893,1000
3896,2000
3897,2000
3902,2000
3903,2000
3914,2000
3915,2000
3918,2000
3919,1000
3922,2000
3923,2000
3946,2000
3947,1500
3954,2000
3955,2000
3958,2000
3959,2000
3962,1000
3963,1000
3964,1000
3965,2000
3968,2000
3969,1500
3980,2000
3981,2000
3986,2000
3987,2000
3988,1000
3989,1000
3990,2000
3991,2000
3998,2000
3999,1000
4014,1000
4015,2000
4022,2000
4023,2000
4030,1000
4031,1000
4032,2000
4033,2000
4040,1000
4041,1000
4052,2000
4053,1500
4068,2000
4069,2000
4070,2000
4071,2000
4072,2000
4073,2000
4074,1000
4075,2000
4084,2000
4085,2000
4092,1000
4093,1000
4106,2000
4107,2000
4116,2000
4117,2000
4122,2000
4123,2000
4132,2000
4133,2000
4136,2000
4137,2000
4140,2000
4141,2000
4142,2000
4143,2000
4160,2000
4161,2000
4164,2000
4165,1000
4176,2000
4177,2000
4182,2000
4183,2000
4186,2000
4187,2000
4188,2000
4189,2000
4190,1000
4191,1000
4194,2000
4195,2000
4198,1000
4199,1000
4202,2000
4203,2000
4230,1000
4231,2000
4238,1000
4239,2000
4242,2000
4243,2000
4244,2000
4245,1000
4246,2000
4247,2000
4248,2000
4249,2000
4250,2000
4251,1000
4254,2000
4255,1000
4258,2000
4259,1000
4264,2000
4265,2000
4268,1000
4269,2000
4274,2000
4275,2000
4282,1000
4283,2000
4298,2000
4299,1000
4306,2000
4307,2000
4308,2000
4309,2000
4320,2000
4321,2000
4322,2000
4323,2000
4324,2000
4325,2000
4336,2000
4337,2000
4344,1000
4345,1000
4350,2000
4351,2000
4354,2000
4355,2000
4356,2000
4357,1000
4364,2000
4365,2000
4380,2000
4381,2000
4386,2000
4387,1500
4390,2000
4391,2000
4396,2000
4397,2000
4398,1000
4399,2000
4400,2000
4401,2000
4402,2000
4403,2000
4408,2000
4409,1000
4410,2000
4411,2000
4416,1000
4417,1000
4418,2000
4419,2000
4422,0
4423,2000
4426,2000
4427,2000
4434,2000
4435,2000
4452,1000
4453,2000
4454,1000
4455,2000
4460,2000
4461,2000
4464,2000
4465,2000
4472,2000
4473,2000
4476,1000
4477,1000
4480,2000
4481,2000
4484,1000
4485,2000
4488,2000
4489,2000
4496,2000
4497,2000
4512,1000
4513,1000
4528,1000
4529,2000
4544,1000
4545,1000
4548,2000
4549,2000
4550,2000
4551,2000
4552,1000
4553,1000
4564,2000
4565,1000
4576,1000
4577,2000
4578,2000
4579,2000
4584,2000
4585,1500
4594,2000
4595,2000
4596,2000
4597,2000
4604,2000
4605,1000
4606,2000
4607,1000
4608,0
4609,2000
4610,2000
4611,2000
4612,2000
4613,2000
4614,2000
4615,2000
4616,1000
4617,2000
4618,2000
4619,1000
4626,2000
4627,2000
4636,2000
4637,0
4654,2000
4655,2000
4668,1000
4669,0
4674,2000
4675,2000
4676,1500
4677,1500
4680,2000
4681,0
4682,2000
4683,2000
4688,2000
4689,2000
4690,2000
4691,1000
4694,2000
4695,2000
4696,2000
4697,1000
4698,2000
4699,1000
4700,2000
4701,1500
4702,2000
4703,1000
4704,2000
4705,2000
4710,2000
4711,2000
4712,2000
4713,2000
4714,2000
4715,2000
4718,2000
4719,2000
4730,2000
4731,2000
4742,2000
4743,1000
4746,2000
4747,2000
4748,2000
4749,1000
4752,2000
4753,0
4766,2000
4767,1000
4776,2000
4777,2000
4778,1000
4779,1000
4780,2000
4781,1000
4788,2000
4789,2000
4796,2000
4797,2000
4798,2000
4799,1000
4800,2000
4801,2000
4802,2000
4803,2000
4818,2000
4819,2000
4822,2000
4823,2000
4826,2000
4827,2000
4828,2000
4829,2000
4836,1000
4837,1000
4846,2000
4847,2000
4860,2000
4861,1500
4864,2000
4865,2000
4866,1000
4867,1000
4876,2000
4877,1000
4880,2000
4881,2000
4882,2000
4883,2000
4888,1000
4889,1000
4910,2000
4911,2000
4912,1500
4913,2000
4916,2000
4917,2000
4918,1000
4919,2000
4922,2000
4923,2000
4924,2000
4925,2000
4926,2000
4927,2000
4928,2000
4929,2000
4936,2000
4937,2000
4938,2000
4939,2000
4940,2000
4941,2000
4946,2000
4947,2000
4948,2000
4949,1000
4956,2000
4957,1000
4958,2000
4959,2000
4960,1000
4961,1000
4966,2000
4967,2000
4968,1000
4969,1000
4970,2000
4971,2000
4984,2000
4985,2000
4990,2000
4991,2000
4996,1000
4997,2000
5004,2000
5005,2000
5012,2000
5013,2000
5014,2000
5015,1000
5016,2000
5017,2000
5022,2000
5023,1500
5026,2000
5027,2000
5034,2000
5035,2000
5056,2000
5057,1000
5066,2000
5067,2000
5068,2000
5069,2000
5072,1500
5073,1000
5078,2000
5079,2000
5086,1000
5087,1000
5090,1000
5091,2000
5094,2000
5095,1000
5098,2000
5099,1000
5102,2000
5103,1000
5114,2000
5115,1000
5118,1000
5119,2000
5120,1000
5121,1000
5122,2000
5123,2000
5128,2000
5129,2000
5150,2000
5151,1000
5168,1000
5169,1000
5170,2000
5171,2000
5182,2000
5183,2000
5184,1000
5185,2000
5192,2000
5193,1000
5194,1000
5195,1000
5196,2000
5197,2000
5198,2000
5199,1000
5202,2000
5203,2000
5204,2000
5205,2000
5208,1000
5209,2000
5212,2000
5213,1000
5214,1000
5215,2000
5224,2000
5225,2000
5238,2000
5239,2000
5246,2000
5247,2000
5250,1500
5251,1000
5252,2000
5253,2000
5254,2000
5255,2000
5258,1000
5259,2000
5264,2000
5265,2000
5268,2000
5269,2000
5274,2000
5275,2000
5282,2000
5283,2000
5288,2000
5289,1000
5290,2000
5291,1000
5292,2000
5293,1000
5300,2000
5301,1000
5308,2000
5309,2000
5314,2000
5315,1000
5316,2000
5317,1000
5322,1000
5323,1000
5326,2000
5327,1000
5346,2000
5347,1000
5352,1000
5353,2000
5362,0
5363,0
5368,2000
5369,2000
5372,2000
5373,1000
5382,2000
5383,2000
5384,2000
5385,2000
5386,0
5387,1000
5390,2000
5391,1000
5394,1000
5395,1000
5398,2000
5399,2000
5408,0
5409,1000
5418,2000
5419,2000
5420,2000
5421,2000
5422,1000
5423,2000
5428,1000
5429,2000
5430,0
5431,1000
5434,2000
5435,1000
5438,2000
5439,2000
5444,2000
5445,1000
5460,2000
5461,1000
5462,2000
5463,2000
5470,2000
5471,1000
5474,1000
5475,1000
5478,2000
5479,2000
5488,1000
5489,1000
5508,1000
5509,1000
5520,1500
5521,2000
5528,2000
5529,2000
5532,2000
5533,2000
5536,0
5537,0
5544,1000
5545,1000
5548,2000
5549,2000
5554,2000
5555,2000
5558,0
5559,2000
5564,2000
5565,2000
5566,2000
5567,2000
5574,2000
5575,2000
5578,2000
5579,2000
5580,1000
5581,2000
5594,2000
5595,2000
5606,0
5607,0
5610,1000
5611,2000
5620,2000
5621,2000
5632,2000
5633,2000
5634,2000
5635,2000
5650,2000
5651,2000
5662,2000
5663,2000
5670,2000
5671,2000
5672,2000
5673,2000
5692,1000
5693,1000
5700,1000
5701,2000
5706,2000
5707,2000
5710,2000
5711,2000
5718,2000
5719,2000
5720,2000
5721,2000
5722,0
5723,2000
5724,1000
5725,2000
5726,2000
5727,2000
5728,2000
5729,2000
5754,2000
5755,2000
5764,2000
5765,2000
5770,2000
5771,2000
5772,2000
5773,2000
5776,2000
5777,2000
5778,2000
5779,1000
5780,2000
5781,2000
5792,2000
5793,2000
5794,2000
5795,2000
5818,2000
5819,2000
5822,2000
5823,2000
5830,2000
5831,2000
5832,2000
5833,0
5834,2000
5835,2000
5840,2000
5841,2000
5842,2000
5843,2000
5844,1000
5845,1000
5850,1000
5851,2000
5866,2000
5867,2000
5872,1000
5873,2000
5876,2000
5877,2000
5884,2000
5885,2000
5892,2000
5893,2000
5896,2000
5897,2000
5898,2000
5899,2000
5902,2000
5903,0
5908,0
5909,1000
5912,2000
5913,0
5914,2000
5915,2000
5920,2000
5921,2000
5922,2000
5923,0
5934,2000
5935,2000
5938,1000
5939,2000
5954,2000
5955,1000
5956,2000
5957,2000
5958,2000
5959,2000
5968,2000
5969,0
5972,0
5973,0
5976,2000
5977,1000
5978,2000
5979,2000
5984,2000
5985,2000
5994,2000
5995,2000
6002,2000
6003,2000
6008,2000
6009,2000
6012,2000
6013,2000
6016,2000
6017,0
6024,2000
6025,2000
6036,2000
6037,2000
6038,0
6039,0
6042,0
6043,0
6068,1000
6069,2000
6070,2000
6071,0
6074,2000
6075,2000
6076,2000
6077,2000
6080,2000
6081,2000
6082,2000
6083,2000
6086,1000
6087,1000
6090,0
6091,0
6100,0
6101,0
6106,2000
6107,2000
6112,2000
6113,2000
6126,1500
6127,2000
6132,0
6133,0
6136,2000
6137,2000
6138,2000
6139,2000
6142,2000
6143,2000
6144,2000
6145,0
6146,0
6147,1000
6154,1500
6155,2000
6168,2000
6169,2000
6170,2000
6171,2000
6176,2000
6177,2000
6178,2000
6179,0
6182,2000
6183,2000
6198,0
6199,0
6200,2000
6201,2000
6204,2000
6205,2000
6206,2000
6207,2000
6218,2000
6219,1000
6220,1500
6221,2000
6224,1000
6225,0
6234,2000
6235,2000
6242,2000
6243,2000
6248,2000
6249,2000
6252,1000
6253,2000
6262,2000
6263,0
6278,1000
6279,1000
6290,2000
6291,2000
6292,2000
6293,2000
6304,0
6305,0
6312,2000
6313,2000
6322,2000
6323,2000
6338,2000
6339,2000
6346,2000
6347,2000
6348,2000
6349,2000
6358,2000
6359,2000
6360,2000
6361,1000
6362,2000
6363,2000
6370,1000
6371,2000
6376,2000
6377,2000
6392,2000
6393,2000
6400,2000
6401,0
6408,2000
6409,0
6420,2000
6421,2000
6424,2000
6425,2000
6438,2000
6439,0
6444,1000
6445,0
6446,2000
6447,2000
6456,1000
6457,2000
6460,1000
6461,1000
6464,2000
6465,2000
6468,2000
6469,1000
6476,2000
6477,2000
6478,2000
6479,1000
6482,2000
6483,0
6484,2000
6485,2000
6504,2000
6505,1000
6506,2000
6507,0
6508,2000
6509,2000
6532,2000
6533,2000
6534,1000
6535,2000
6540,2000
6541,2000
6544,2000
6545,2000
6550,2000
6551,2000
6552,2000
6553,0
6562,2000
6563,2000
6564,2000
6565,2000
6566,2000
6567,2000
6572,0
6573,0
6574,1000
6575,2000
6584,2000
6585,2000
6588,2000
6589,2000
6590,2000
6591,2000
6596,2000
6597,2000
6598,2000
6599,2000
6604,2000
6605,2000
6610,2000
6611,2000
6614,2000
6615,2000
6626,2000
6627,2000
6628,0
6629,0
6630,1000
6631,1000
6642,1000
6643,1000
6646,2000
6647,2000
6652,2000
6653,2000
6656,2000
6657,2000
6666,1000
6667,2000
6670,2000
6671,2000
6682,2000
6683,2000
6686,2000
6687,2000
6702,2000
6703,2000
6708,1500
6709,2000
6710,2000
6711,0
6716,2000
6717,2000
6730,2000
6731,2000
6736,2000
6737,2000
6738,2000
6739,2000
6740,1000
6741,2000
6754,1000
6755,2000
6756,2000
6757,2000
6760,2000
6761,2000
6764,2000
6765,2000
6768,2000
6769,2000
6770,2000
6771,2000
6772,2000
6773,2000
6786,2000
6787,2000
6800,1000
6801,2000
6806,2000
6807,2000
6824,2000
6825,2000
6828,2000
6829,2000
6830,2000
6831,2000
6838,2000
6839,2000
6844,2000
6845,2000
6846,2000
6847,2000
6856,2000
6857,2000
6858,2000
6859,2000
6872,2000
6873,2000
6874,2000
6875,2000
6876,2000
6877,2000
6880,2000
6881,2000
6884,2000
6885,2000
6896,2000
6897,2000
6898,2000
6899,2000
6902,1000
6903,1000
6904,2000
6905,2000
6924,2000
6925,0
6926,2000
6927,2000
6932,1000
6933,1000
6950,2000
6951,2000
6960,1500
6961,2000
6964,1000
6965,2000
6972,2000
6973,2000
6982,2000
6983,2000
6988,2000
6989,2000
6992,2000
6993,2000
6998,2000
6999,2000
7008,2000
7009,1000
7010,1000
7011,1000
7014,2000
7015,2000
7020,2000
7021,1000
7022,1000
7023,2000
7032,2000
7033,2000
7034,2000
7035,2000
7038,2000
7039,2000
7042,2000
7043,2000
7044,2000
7045,2000
7046,2000
7047,2000
7060,2000
7061,2000
7068,2000
7069,2000
7072,1000
7073,1000
7078,2000
7079,2000
7084,2000
7085,2000
7086,2000
7087,2000
7094,2000
7095,2000
7102,2000
7103,2000
7114,2000
7115,2000
7116,2000
7117,2000
7122,2000
7123,2000
7124,2000
7125,2000
7128,2000
7129,2000
7136,2000
7137,2000
7142,2000
7143,2000
7144,2000
7145,2000
7152,2000
7153,2000
7156,2000
7157,2000
7158,2000
7159,2000
7160,2000
7161,2000
7162,2000
7163,2000
7164,2000
7165,0
7166,0
7167,2000
7178,2000
7179,2000
7180,2000
7181,2000
7184,1000
7185,2000
7186,1000
7187,2000
7192,2000
7193,1000
7198,2000
7199,1000
7208,2000
7209,2000
7218,2000
7219,2000
7220,0
7221,2000
7222,2000
7223,2000
7228,2000
7229,2000
7234,0
7235,1000
7254,2000
7255,2000
7256,1000
7257,2000
7258,0
7259,1000
7260,1000
7261,2000
7264,2000
7265,2000
7266,2000
7267,2000
7268,2000
7269,1000
7272,2000
7273,2000
7278,2000
7279,2000
7280,2000
7281,2000
7282,2000
7283,2000
7288,0
7289,2000
7298,2000
7299,1000
7312,2000
7313,2000
7326,2000
7327,2000
7334,2000
7335,2000
7338,2000
7339,2000
7346,2000
7347,2000
7354,2000
7355,0
7356,2000
7357,2000
7360,0
7361,2000
7370,2000
7371,2000
7372,2000
7373,2000
7376,0
7377,0
7378,2000
7379,0
7382,1000
7383,2000
7384,1000
7385,2000
7390,1000
7391,1000
7392,2000
7393,1000
7402,2000
7403,2000
7406,2000
7407,1000
7416,2000
7417,2000
7418,2000
7419,1000
7428,1000
7429,2000
7430,2000
7431,2000
7446,2000
7447,2000
7450,2000
7451,1000
7452,1000
7453,1000
7458,2000
7459,1000
7460,2000
7461,0
7466,1000
7467,2000
7470,2000
7471,2000
7478,2000
7479,2000
7486,2000
7487,2000
7490,2000
7491,2000
7500,2000
7501,2000
7516,2000
7517,1000
7518,2000
7519,2000
7522,2000
7523,2000
7524,0
7525,1500
7532,2000
7533,2000
7544,2000
7545,2000
7550,1000
7551,2000
7556,2000
7557,2000
7566,2000
7567,1000
7568,2000
7569,2000
7570,2000
7571,2000
7574,1000
7575,2000
7588,2000
7589,2000
7590,2000
7591,2000
7592,2000
7593,1000
7612,2000
7613,2000
7616,2000
7617,2000
7618,2000
7619,2000
7624,2000
7625,2000
7630,1500
7631,2000
7634,2000
7635,2000
7642,0
7643,2000
7644,2000
7645,2000
7648,2000
7649,2000
7660,2000
7661,2000
7664,2000
7665,2000
7666,2000
7667,2000
7670,2000
7671,2000
7672,0
7673,0
7674,2000
7675,2000
7678,2000
7679,2000
7688,2000
7689,2000
7690,2000
7691,2000
7694,2000
7695,1000
7700,2000
7701,2000
7702,2000
7703,2000
7708,2000
7709,2000
7718,2000
7719,2000
7722,2000
7723,2000
7736,2000
7737,2000
7740,1000
7741,0
7742,2000
7743,2000
7748,2000
7749,2000
7754,2000
7755,1000
7762,2000
7763,2000
7764,2000
7765,0
7770,2000
7771,0
7776,2000
7777,2000
7788,0
7789,2000
7800,2000
7801,2000
7826,2000
7827,2000
7834,2000
7835,2000
7838,2000
7839,2000
7842,2000
7843,2000
7844,2000
7845,2000
7848,2000
7849,2000
7852,1000
7853,2000
7862,2000
7863,0
7870,2000
7871,0
7874,2000
7875,2000
7882,2000
7883,2000
7886,2000
7887,0
7892,2000
7893,2000
7900,1000
7901,1000
7906,2000
7907,2000
7918,0
7919,0
7940,2000
7941,0
7944,2000
7945,2000
7950,2000
7951,2000
7956,2000
7957,2000
7960,2000
7961,1000
7990,2000
7991,2000
8002,2000
8003,1000
8004,2000
8005,2000
8006,2000
8007,2000
8008,2000
8009,2000
8016,2000
8017,2000
8020,1000
8021,2000
8024,2000
8025,2000
8028,2000
8029,2000
8030,2000
8031,2000
8038,2000
8039,2000
8050,2000
8051,2000
8052,2000
8053,2000
8054,2000
8055,2000
8056,1000
8057,0
8058,2000
8059,2000
8064,0
8065,0
8070,2000
8071,2000
8082,2000
8083,2000
8088,2000
8089,2000
8092,1000
8093,2000
8094,2000
8095,0
8100,0
8101,0
8106,2000
8107,1500
8114,1000
8115,1000
8122,0
8123,2000
8138,2000
8139,2000
8142,0
8143,0
8146,0
8147,0
8154,2000
8155,2000
8160,1000
8161,2000
8162,1000
8163,1000
8166,2000
8167,2000
8172,1000
8173,2000
8174,2000
8175,2000
8176,2000
8177,2000
8178,2000
8179,2000
8182,2000
8183,2000
8190,2000
8191,2000
8196,2000
8197,2000
8200,2000
8201,2000
8204,1500
8205,2000
8206,2000
8207,2000
8208,2000
8209,1000
8218,2000
8219,2000
8222,2000
8223,2000
8240,1000
8241,1000
8246,1500
8247,2000
8248,2000
8249,2000
8252,0
8253,0
8254,2000
8255,2000
8256,2000
8257,2000
8266,2000
8267,2000
8272,2000
8273,2000
8276,2000
8277,1000
8278,2000
8279,2000
8282,2000
8283,0
8286,0
8287,2000
8294,0
8295,0
8308,1000
8309,2000
8316,2000
8317,1000
8322,2000
8323,2000
8326,0
8327,2000
8328,0
8329,2000
8340,1500
8341,2000
8342,1000
8343,2000
8346,2000
8347,1000
8354,0
8355,0
8358,0
8359,2000
8364,2000
8365,2000
8366,2000
8367,1500
8386,2000
8387,2000
8396,2000
8397,2000
8398,0
8399,0
8400,0
8401,2000
8404,0
8405,2000
8406,0
8407,2000
8408,0
8409,2000
8412,2000
8413,2000
8414,2000
8415,0
8418,1000
8419,2000
8436,2000
8437,2000
8444,2000
8445,2000
8448,2000
8449,1000
8452,2000
8453,2000
8454,2000
8455,1500
8458,2000
8459,0
8460,1000
8461,2000
8464,2000
8465,2000
8468,2000
8469,2000
8488,2000
8489,2000
8492,2000
8493,2000
8498,2000
8499,2000
8502,2000
8503,2000
8506,2000
8507,2000
8522,2000
8523,2000
8526,2000
8527,2000
8528,1000
8529,0
8532,2000
8533,0
8534,2000
8535,1000
8566,2000
8567,1000
8580,1000
8581,2000
8582,2000
8583,2000
8586,2000
8587,1000
8592,2000
8593,1000
8596,2000
8597,2000
8598,0
8599,1000
8602,1000
8603,1000
8624,2000
8625,2000
8632,2000
8633,2000
8636,1000
8637,2000
8640,1000
8641,1000
8646,2000
8647,2000
8650,1000
8651,1000
8654,2000
8655,2000
8658,1000
8659,1000
8662,1000
8663,1000
8664,1000
8665,1000
8670,2000
8671,2000
8676,2000
8677,2000
8678,2000
8679,2000
8684,2000
8685,2000
8688,2000
8689,2000
8690,2000
8691,2000
8702,2000
8703,2000
8704,2000
8705,1000
8708,0
8709,1000
8740,2000
8741,2000
8742,2000
8743,2000
8746,2000
8747,2000
8748,2000
8749,2000
8750,2000
8751,2000
8754,2000
8755,2000
8756,2000
8757,2000
8760,2000
8761,2000
8766,2000
8767,2000
8776,2000
8777,1000
8786,2000
8787,2000
8794,0
8795,0
8796,0
8797,0
8800,0
8801,0
8824,1000
8825,2000
8828,2000
8829,2000
8836,2000
8837,2000
8848,2000
8849,1000
8852,2000
8853,2000
8854,1000
8855,2000
8858,0
8859,2000
8866,2000
8867,2000
8888,2000
8889,2000
8896,2000
8897,2000
8908,1000
8909,2000
8910,2000
8911,2000
8912,2000
8913,2000
8916,1000
8917,1000
8918,2000
8919,2000
8920,2000
8921,2000
8922,2000
8923,2000
8926,0
8927,2000
8934,2000
8935,2000
8940,2000
8941,2000
8942,2000
8943,2000
8958,2000
8959,1000
8962,1000
8963,1000
8964,0
8965,0
8966,0
8967,0
8982,0
8983,0
8986,0
8987,0
8990,0
8991,2000
9002,1000
9003,2000
9018,2000
9019,1500
9024,0
9025,0
9026,0
9027,2000
9042,2000
9043,1000
9046,1000
9047,0
9054,2000
9055,2000
9056,2000
9057,2000
9058,0
9059,2000
9070,2000
9071,2000
9080,2000
9081,2000
9086,2000
9087,2000
9092,2000
9093,2000
9094,1000
9095,2000
9096,2000
9097,2000
9100,2000
9101,2000
9104,2000
9105,0
9108,2000
9109,2000
9112,2000
9113,2000
9124,1000
9125,2000
9128,2000
9129,2000
9136,1500
9137,2000
9140,2000
9141,2000
9146,2000
9147,0
9154,2000
9155,2000
9156,0
9157,0
9170,2000
9171,2000
9176,2000
9177,2000
9192,0
9193,0
9194,2000
9195,2000
9202,2000
9203,2000
9208,2000
9209,2000
9210,2000
9211,2000
9212,2000
9213,2000
9224,0
9225,0
9240,0
9241,2000
9246,0
9247,0
9248,0
9249,0
9254,2000
9255,2000
9260,0
9261,0
9262,2000
9263,2000
9264,2000
9265,2000
9266,2000
9267,2000
9268,2000
9269,1000
9278,0
9279,0
9284,2000
9285,2000
9286,0
9287,0
9292,0
9293,2000
9294,0
9295,2000
9296,0
9297,2000
9306,0
9307,0
9312,2000
9313,2000
9318,2000
9319,2000
9324,1000
9325,2000
9330,2000
9331,2000
9336,2000
9337,2000
9340,2000
9341,2000
9354,0
9355,2000
9356,2000
9357,2000
9358,0
9359,2000
9370,2000
9371,2000
9382,2000
9383,2000
9384,2000
9385,2000
9392,2000
9393,2000
9394,2000
9395,2000
9402,2000
9403,0
9404,2000
9405,2000
9406,2000
9407,0
9420,0
9421,0
9422,0
9423,2000
9424,2000
9425,2000
9432,2000
9433,2000
9438,2000
9439,2000
9440,0
9441,2000
9448,2000
9449,2000
9466,2000
9467,1000
9472,2000
9473,2000
9476,2000
9477,1000
9482,2000
9483,2000
9484,2000
9485,2000
9490,0
9491,0
9492,1000
9493,0
9496,0
9497,0
9500,2000
9501,2000
9510,0
9511,0
9514,0
9515,0
9524,2000
9525,2000
9530,2000
9531,1000
9534,2000
9535,2000
9544,0
9545,0
9546,2000
9547,2000
9550,2000
9551,0
9564,0
9565,0
9570,2000
9571,2000
9576,0
9577,2000
9578,2000
9579,2000
9580,0
9581,0
9594,2000
9595,1000
9598,0
9599,0
9602,2000
9603,2000
9616,0
9617,0
9626,0
9627,0
9628,0
9629,0
9634,0
9635,0
9636,0
9637,1000
9646,2000
9647,2000
9662,0
9663,0
9664,0
9665,0
9666,0
9667,2000
9672,2000
9673,2000
9682,2000
9683,2000
9684,2000
9685,2000
9690,0
9691,0
9694,2000
9695,2000
9696,2000
9697,2000
9700,0
9701,2000
9704,0
9705,0
9724,2000
9725,2000
9726,2000
9727,2000
9730,0
9731,0
9738,2000
9739,2000
9750,2000
9751,2000
9758,0
9759,2000
9774,2000
9775,2000
9790,1000
9791,2000
9792,0
9793,0
9798,0
9799,0
9800,0
9801,0
9808,0
9809,0
9812,0
9813,0
9814,0
9815,0
9826,1000
9827,0
9828,1000
9829,0
9832,0
9833,0
9836,1000
9837,2000
9840,0
9841,0
9846,0
9847,0
9850,0
9851,2000
9854,0
9855,0
9866,2000
9867,2000
9876,0
9877,2000
9882,2000
9883,2000
9892,2000
9893,0
9903,2000
9905,2000
9907,2000
9909,0
9914,2000
9915,0
9922,2000
9923,0
9924,2000
9925,2000
9946,0
9947,0
9950,2000
9951,2000
9954,0
9955,0
9978,2000
9979,1000
9986,0
9987,0
9988,2000
9989,2000
9998,0
9999,2000
10004,2000
10005,2000
10008,2000
10009,2000
10012,2000
10013,0
10018,2000
10019,2000
10022,2000
10023,2000
10028,2000
10029,2000
10030,2000
10031,2000
10036,2000
10037,2000
10038,2000
10039,2000
10042,2000
10043,2000
10048,2000
10049,2000
10050,2000
10051,2000
10060,2000
10061,2000
10070,0
10071,2000
10076,2000
10077,2000
10080,2000
10081,2000
10084,2000
10085,2000
10086,2000
10087,2000
10092,2000
10093,2000
10100,2000
10101,2000
10106,2000
10107,2000
10112,2000
10113,2000
10116,2000
10117,2000
10124,2000
10125,2000
10128,2000
10129,2000
10130,2000
10131,2000
10136,2000
10137,2000
10146,2000
10147,2000
10150,2000
10151,2000
10152,2000
10153,2000
10154,2000
10155,2000
10170,0
10171,2000
10174,2000
10175,2000
10176,2000
10177,2000
10190,2000
10191,2000
10192,2000
10193,2000
10202,0
10203,0
10206,2000
10207,2000
10212,1500
10213,2000
10216,1500
10217,0
10220,0
10221,0
10228,2000
10229,2000
10230,0
10231,2000
10238,2000
10239,0
10244,2000
10245,2000
10264,1000
10265,2000
10268,0
10269,0
10270,1500
10271,2000
10276,0
10277,1500
10278,2000
10279,0
10280,2000
10281,2000
10284,2000
10285,2000
10298,2000
10299,2000
10312,0
10313,2000
10314,2000
10315,2000
10320,1500
10321,2000
10326,2000
10327,2000
10336,0
10337,2000
10342,2000
10343,0
10348,2000
10349,0
10360,2000
10361,2000
10362,2000
10363,2000
10364,2000
10365,0
10370,2000
10371,2000
10386,1500
10387,2000
10400,0
10401,0
10402,2000
10403,2000
10414,2000
10415,2000
10428,2000
10429,2000
10430,2000
10431,0
10432,1500
10433,0
10434,2000
10435,0
10436,1500
10437,2000
10442,2000
10443,2000
10446,0
10447,2000
10448,2000
10449,2000
10460,2000
10461,2000
10472,2000
10473,1000
10474,2000
10475,2000
10478,2000
10479,0
10480,2000
10481,2000
10484,2000
10485,2000
10494,2000
10495,2000
10500,2000
10501,2000
10502,2000
10503,2000
10510,2000
10511,2000
10512,2000
10513,2000
10516,2000
10517,2000
10520,2000
10521,2000
10526,2000
10527,2000
10528,2000
10529,2000
10530,2000
10531,2000
10532,2000
10533,2000
10536,2000
10537,2000
10540,0
10541,0
10542,2000
10543,2000
10544,0
10545,2000
10546,2000
10547,2000
10550,2000
10551,2000
10560,2000
10561,2000
10562,2000
10563,0
10576,1000
10577,2000
10592,0
10593,0
10594,2000
10595,2000
10596,2000
10597,2000
10598,2000
10599,0
10600,2000
10601,2000
10602,2000
10603,2000
10604,2000
10605,2000
10606,2000
10607,2000
10612,2000
10613,2000
10614,2000
10615,2000
10622,2000
10623,2000
10628,2000
10629,2000
10644,1500
10645,0
10646,2000
10647,2000
10658,0
10659,0
10662,2000
10663,2000
10664,2000
10665,1000
10676,0
10677,0
10678,0
10679,0
10686,2000
10687,2000
10696,1000
10697,0
10706,2000
10707,2000
10714,2000
10715,2000
10722,0
10723,0
10726,2000
10727,2000
10728,0
10729,0
10732,2000
10733,2000
10736,2000
10737,1000
10762,0
10763,0
10772,0
10773,0
10776,2000
10777,2000
10780,0
10781,2000
10790,2000
10791,0
10792,2000
10793,2000
10796,1000
10797,1500
10802,1000
10803,2000
10808,2000
10809,2000
10810,2000
10811,2000
10812,2000
10813,2000
10816,2000
10817,2000
10818,2000
10819,2000
10820,2000
10821,2000
10824,2000
10825,0
10832,0
10833,2000
10840,2000
10841,2000
10842,2000
10843,0
10844,2000
10845,0
10848,2000
10849,2000
10850,2000
10851,2000
10852,2000
10853,2000
10854,1500
10855,2000
10858,2000
10859,2000
10862,2000
10863,1000
10864,2000
10865,2000
10878,0
10879,0
10880,0
10881,0
10886,2000
10887,2000
10888,2000
10889,2000
10890,2000
10891,0
10892,1000
10893,2000
10894,0
10895,0
10898,0
10899,2000
10902,2000
10903,2000
10910,2000
10911,2000
10916,2000
10917,0
10926,2000
10927,2000
10928,2000
10929,2000
10936,2000
10937,0
10938,1000
10939,2000
10942,0
10943,2000
10948,2000
10949,2000
10954,2000
10955,2000
10956,2000
10957,2000
10958,2000
10959,2000
10962,1000
10963,2000
10988,1000
10989,2000
11010,2000
11011,2000
11014,0
11015,1000
11020,2000
11021,2000
11024,2000
11025,0
11032,1000
11033,0
11036,2000
11037,2000
11038,2000
11039,0
11048,2000
11049,2000
11058,1000
11059,0
11062,2000
11063,2000
11072,2000
11073,2000
11090,2000
11091,0
11106,2000
11107,2000
11114,2000
11115,2000
11116,2000
11117,0
11120,2000
11121,2000
11124,2000
11125,2000
11126,2000
11127,1000
11136,1500
11137,2000
11156,2000
11157,2000
11164,2000
11165,2000
11166,2000
11167,2000
11172,1500
11173,2000
11176,2000
11177,1000
11190,0
11191,2000
11194,0
11195,2000
11200,0
11201,0
11202,0
11203,0
11206,2000
11207,2000
11220,0
11221,0
11228,2000
11229,2000
11234,2000
11235,2000
11238,2000
11239,2000
11242,2000
11243,2000
11246,2000
11247,0
11248,2000
11249,2000
11252,2000
11253,2000
11254,2000
11255,2000
11256,2000
11257,0
11260,2000
11261,1500
11270,2000
11271,2000
11274,2000
11275,2000
11278,0
11279,0
11280,2000
11281,2000
11284,2000
11285,2000
11286,2000
11287,2000
11290,1500
11291,2000
11292,2000
11293,2000
11296,2000
11297,2000
11302,0
11303,0
11316,2000
11317,2000
11340,2000
11341,2000
11344,2000
11345,2000
11350,2000
11351,2000
11352,2000
11353,2000
11364,0
11365,2000
11370,0
11371,2000
11372,0
11373,0
11374,0
11375,2000
11384,0
11385,0
11386,2000
11387,0
11388,2000
11389,2000
11392,2000
11393,2000
11400,2000
11401,2000
11412,2000
11413,2000
11418,2000
11419,2000
11420,2000
11421,2000
11428,2000
11429,0
11446,0
11447,0
11448,2000
11449,2000
11450,2000
11451,2000
11454,0
11455,2000
11458,0
11459,2000
11466,2000
11467,0
11468,0
11469,2000
11482,2000
11483,2000
11484,0
11485,2000
11492,2000
11493,2000
11504,2000
11505,2000
11506,2000
11507,2000
11508,0
11509,2000
11512,0
11513,0
11514,2000
11515,2000
11520,2000
11521,2000
11524,2000
11525,2000
11526,0
11527,0
11538,0
11539,0
11552,2000
11553,2000
11554,2000
11555,2000
11560,2000
11561,2000
11562,0
11563,2000
11564,2000
11565,2000
11572,2000
11573,2000
11574,2000
11575,2000
11576,2000
11577,2000
11578,2000
11579,2000
11582,2000
11583,2000
11588,2000
11589,2000
11590,2000
11591,2000
11608,2000
11609,2000
11610,2000
11611,2000
11616,2000
11617,2000
11618,2000
11619,2000
11620,2000
11621,2000
11622,2000
11623,2000
11642,2000
11643,2000
11646,2000
11647,2000
11662,2000
11663,2000
11668,2000
11669,1000
11672,2000
11673,2000
11676,2000
11677,2000
11696,2000
11697,2000
11700,2000
11701,2000
11702,2000
11703,2000
11706,0
11707,2000
11710,0
11711,0
11716,2000
11717,2000
11720,2000
11721,2000
11726,2000
11727,2000
11736,2000
11737,2000
11742,0
11743,0
11744,0
11745,0
11746,0
11747,0
11756,2000
11757,2000
11766,2000
11767,2000
11768,2000
11769,2000
11782,2000
11783,2000
11786,2000
11787,2000
11796,0
11797,0
11800,2000
11801,2000
11804,2000
11805,2000
11808,2000
11809,2000
11812,0
11813,0
11818,2000
11819,2000
11832,2000
11833,2000
11838,2000
11839,0
11840,2000
11841,0
11842,0
11843,2000
11846,2000
11847,0
11850,2000
11851,0
11854,2000
11855,2000
11856,0
11857,0
11862,2000
11863,0
11864,0
11865,0
11870,2000
11871,2000
11876,0
11877,0
11882,0
11883,0
11886,2000
11887,2000
11892,0
11893,0
11906,2000
11907,2000
11908,0
11909,0
11910,2000
11911,0
11914,2000
11915,2000
11916,0
11917,2000
11920,2000
11921,0
11922,0
11923,0
11924,0
11925,2000
11928,2000
11929,0
11930,0
11931,0
11936,0
11937,0
11938,2000
11939,2000
11944,0
11945,2000
11958,2000
11959,2000
11970,2000
11971,2000
11988,0
11989,0
11992,2000
11993,2000
11996,2000
11997,2000
11998,2000
11999,2000
12000,2000
12001,2000
12012,0
12013,0
12026,2000
12027,2000
12028,2000
12029,2000
12032,2000
12033,2000
12036,2000
12037,0
12044,0
12045,0
12052,0
12053,2000
12056,0
12057,0
12060,0
12061,0
12062,0
12063,2000
12066,2000
12067,2000
12070,2000
12071,2000
12076,2000
12077,2000
12080,0
12081,0
12084,2000
12085,2000
12088,2000
12089,2000
12090,2000
12091,0
12092,2000
12093,2000
12102,0
12103,0
12110,2000
12111,2000
12116,2000
12117,2000
12120,0
12121,0
12132,0
12133,0
12134,0
12135,0
12136,0
12137,0
12138,2000
12139,2000
12154,0
12155,0
12164,2000
12165,2000
12166,2000
12167,0
12172,0
12173,0
12180,0
12181,0
12190,2000
12191,2000
12194,0
12195,2000
12196,2000
12197,0
12200,2000
12201,2000
12208,0
12209,0
12210,0
12211,2000
12220,0
12221,0
12222,2000
12223,2000
12224,2000
12225,2000
12226,2000
12227,2000
12234,0
12235,2000
12258,2000
12259,2000
12270,2000
12271,2000
12274,2000
12275,2000
12276,0
12277,2000
12292,0
12293,0
12302,2000
12303,2000
12304,2000
12305,2000
12308,2000
12309,2000
12316,2000
12317,2000
12320,2000
12321,2000
12322,2000
12323,2000
12326,2000
12327,2000
12328,2000
12329,2000
12334,0
12335,0
12336,0
12337,2000
12340,0
12341,0
12342,2000
12343,0
12346,2000
12347,0
12348,2000
12349,2000
12354,2000
12355,2000
12366,0
12367,2000
12368,0
12369,2000
12372,2000
12373,1000
12378,2000
12379,0
12384,2000
12385,2000
12388,2000
12389,2000
12390,2000
12391,2000
12392,2000
12393,2000
12394,2000
12395,2000
12414,0
12415,0
12416,0
12417,0
12422,2000
12423,2000
12424,0
12425,2000
12428,2000
12429,2000
12434,2000
12435,0
12442,2000
12443,2000
12454,0
12455,2000
12456,2000
12457,2000
12460,0
12461,0
12462,0
12463,2000
12474,2000
12475,2000
12486,2000
12487,2000
12498,2000
12499,2000
12502,2000
12503,2000
12506,2000
12507,2000
12510,2000
12511,2000
12516,2000
12517,2000
12520,2000
12521,2000
12522,2000
12523,0
12528,2000
12529,2000
12536,0
12537,0
12538,2000
12539,2000
12540,2000
12541,2000
12550,2000
12551,2000
12558,2000
12559,2000
12568,0
12569,2000
12570,0
12571,2000
12580,0
12581,0
12590,2000
12591,2000
12598,2000
12599,2000
12600,2000
12601,2000
12606,2000
12607,2000
12608,2000
12609,2000
12614,2000
12615,2000
12616,2000
12617,2000
12620,2000
12621,2000
12622,2000
12623,2000
12626,0
12627,0
12630,0
12631,2000
12638,2000
12639,2000
12648,2000
12649,2000
12658,0
12659,2000
12660,2000
12661,2000
12664,2000
12665,2000
12674,2000
12675,2000
12678,2000
12679,2000
12680,2000
12681,2000
12682,2000
12683,2000
12686,2000
12687,2000
12688,2000
12689,2000
12692,2000
12693,2000
12698,2000
12699,2000
12704,0
12705,2000
12716,2000
12717,2000
12722,2000
12723,2000
12734,2000
12735,2000
12736,2000
12737,2000
12738,2000
12739,2000
12748,2000
12749,2000
12750,2000
12751,2000
12760,2000
12761,2000
12762,2000
12763,0
12768,2000
12769,2000
12770,0
12771,0
12778,0
12779,2000
12784,0
12785,2000
12786,0
12787,0
12788,2000
12789,2000
12790,0
12791,2000
12796,2000
12797,0
12806,2000
12807,2000
12828,2000
12829,2000
12830,2000
12831,2000
12832,2000
12833,2000
12834,2000
12835,2000
12836,2000
12837,2000
12838,0
12839,2000
12848,2000
12849,2000
12856,2000
12857,2000
12874,0
12875,2000
12878,0
12879,2000
12882,0
12883,2000
12888,2000
12889,2000
12896,0
12897,2000
12910,2000
12911,2000
12914,2000
12915,2000
12920,2000
12921,2000
12930,0
12931,2000
12936,0
12937,2000
12942,0
12943,2000
12944,2000
12945,2000
12946,0
12947,0
12948,0
12949,2000
12960,2000
12961,2000
12964,2000
12965,2000
12970,2000
12971,2000
12972,2000
12973,2000
12982,2000
12983,2000
12984,2000
12985,2000
12986,0
12987,2000
12990,0
12991,0
12994,2000
12995,2000
13000,0
13001,0
13004,2000
13005,0
13006,0
13007,0
13008,2000
13009,2000
13010,0
13011,0
13016,2000
13017,2000
13018,0
13019,2000
13022,2000
13023,2000
13024,2000
13025,2000
13044,0
13045,0
13056,2000
13057,2000
13064,0
13065,2000
13066,2000
13067,2000
13070,2000
13071,2000
13072,2000
13073,2000
13076,2000
13077,2000
13080,2000
13081,2000
13082,2000
13083,1500
13084,0
13085,0
13112,2000
13113,2000
13114,2000
13115,0
13118,0
13119,0
13122,2000
13123,2000
13142,0
13143,0
13152,0
13153,0
13154,0
13155,0
13166,2000
13167,2000
13178,0
13179,0
13184,0
13185,0
13186,0
13187,0
13204,0
13205,2000
13210,2000
13211,2000
13226,2000
13227,2000
13228,0
13229,2000
13230,0
13231,2000
13234,2000
13235,0
13238,0
13239,0
13248,0
13249,0
13260,2000
13261,2000
13264,2000
13265,2000
13266,2000
13267,2000
13268,0
13269,2000
13278,2000
13279,0
13280,2000
13281,2000
13290,2000
13291,2000
13294,0
13295,0
13310,2000
13311,0
13328,2000
13329,2000
13340,2000
13341,2000
13346,0
13347,2000
13354,0
13355,0
13368,2000
13369,2000
13370,2000
13371,0
13374,2000
13375,0
13378,2000
13379,0
13380,2000
13381,2000
13386,2000
13387,2000
13390,2000
13391,0
13394,2000
13395,2000
13412,2000
13413,2000
13426,2000
13427,2000
13428,2000
13429,2000
13436,2000
13437,2000
13438,2000
13439,2000
13446,0
13447,2000
13458,2000
13459,2000
13462,2000
13463,2000
13464,2000
13465,0
13470,2000
13471,2000
13474,2000
13475,2000
13484,2000
13485,2000
13488,0
13489,2000
13498,2000
13499,2000
13502,0
13503,2000
13506,2000
13507,2000
13512,0
13513,2000
13520,2000
13521,2000
13522,2000
13523,2000
13528,0
13529,0
13530,2000
13531,2000
13532,2000
13533,2000
13536,2000
13537,0
13538,2000
13539,2000
13540,2000
13541,2000
13542,2000
13543,2000
13556,0
13557,2000
13560,0
13561,2000
13568,2000
13569,2000
13572,2000
13573,0
13588,0
13589,0
13590,2000
13591,2000
13594,2000
13595,2000
13604,2000
13605,0
13606,2000
13607,2000
13618,2000
13619,2000
13624,2000
13625,2000
13632,2000
13633,2000
13640,2000
13641,2000
13642,0
13643,0
13648,2000
13649,2000
13654,2000
13655,0
13656,2000
13657,0
13658,0
13659,0
13662,2000
13663,0
13674,0
13675,0
13680,0
13681,0
13686,2000
13687,2000
13688,2000
13689,2000
13696,2000
13697,2000
13724,2000
13725,2000
13726,0
13727,2000
13730,2000
13731,0
13734,2000
13735,2000
13742,0
13743,2000
13746,2000
13747,0
13768,2000
13769,2000
13770,2000
13771,2000
13772,2000
13773,2000
13778,0
13779,2000
13780,0
13781,2000
13784,2000
13785,2000
13790,2000
13791,2000
13794,0
13795,2000
13800,0
13801,0
13802,2000
13803,2000
13806,0
13807,0
13808,2000
13809,2000
13812,0
13813,0
13842,0
13843,0
13848,2000
13849,0
13862,0
13863,2000
13864,2000
13865,2000
13866,0
13867,0
13870,0
13871,2000
13874,2000
13875,2000
13892,0
13893,2000
13902,2000
13903,2000
13906,0
13907,1500
13908,2000
13909,2000
13912,0
13913,0
13914,0
13915,2000
13918,2000
13919,2000
13922,2000
13923,2000
13926,2000
13927,0
13936,2000
13937,2000
13940,2000
13941,2000
13944,2000
13945,2000
13956,2000
13957,2000
13962,2000
13963,2000
13968,0
13969,2000
13970,2000
13971,2000
13972,2000
13973,2000
13974,0
13975,2000
13990,0
13991,2000
13992,0
13993,2000
13994,2000
13995,2000
13996,0
13997,0
13998,0
13999,0
14002,0
14003,0
14004,0
14005,0
14008,0
14009,0
14010,2000
14011,2000
14012,2000
14013,0
14014,0
14015,0
14018,0
14019,0
14034,2000
14035,2000
14038,2000
14039,2000
14048,0
14049,0
14054,0
14055,2000
14062,2000
14063,0
14070,0
14071,0
14078,2000
14079,2000
14080,2000
14081,2000
14082,0
14083,0
14094,0
14095,0
14100,0
14101,0
14102,2000
14103,2000
14108,2000
14109,2000
14110,0
14111,2000
14112,0
14113,2000
14122,2000
14123,2000
14126,2000
14127,2000
14130,2000
14131,2000
14170,2000
14171,2000
14178,0
14179,2000
14192,2000
14193,2000
14210,0
14211,0
14226,0
14227,0
14228,0
14229,0
14232,0
14233,2000
14234,0
14235,2000
14240,0
14241,0
14244,0
14245,2000
14256,2000
14257,0
14262,2000
14263,2000
14268,0
14269,0
14270,0
14271,2000
14272,2000
14273,2000
14278,2000
14279,2000
14282,0
14283,2000
14284,0
14285,0
14288,0
14289,0
14306,2000
14307,2000
14308,0
14309,2000
14326,0
14327,0
14332,2000
14333,2000
14334,2000
14335,2000
14338,2000
14339,2000
14342,0
14343,2000
14356,0
14357,0
14358,2000
14359,2000
14366,2000
14367,2000
14378,0
14379,2000
14380,0
14381,2000
14388,2000
14389,2000
14390,0
14391,0
14394,2000
14395,2000
14404,2000
14405,2000
14408,0
14409,0
14418,0
14419,0
14430,0
14431,0
14436,0
14437,0
14440,0
14441,2000
14442,2000
14443,2000
14444,2000
14445,2000
14456,2000
14457,2000
14462,2000
14463,2000
14464,0
14465,0
14468,0
14469,2000
14474,2000
14475,2000
14478,0
14479,0
14480,2000
14481,0
14488,0
14489,2000
14518,2000
14519,2000
14520,0
14521,2000
14524,0
14525,0
14526,0
14527,2000
14540,2000
14541,2000
14542,0
14543,0
14548,2000
14549,2000
14550,0
14551,2000
14574,2000
14575,2000
14576,0
14577,2000
14590,0
14591,0
14594,2000
14595,2000
14596,2000
14597,2000
14608,0
14609,0
14610,0
14611,2000
14614,2000
14615,2000
14622,0
14623,0
14626,0
14627,2000
14634,0
14635,2000
14638,0
14639,2000
14640,0
14641,2000
14644,2000
14645,0
14646,2000
14647,2000
14648,0
14649,0
14654,2000
14655,2000
14656,2000
14657,2000
14666,2000
14667,2000
14672,2000
14673,0
14674,0
14675,0
14676,0
14677,0
14678,0
14679,0
14682,0
14683,0
14686,2000
14687,0
14688,0
14689,0
14690,0
14691,0
14692,2000
14693,2000
14700,0
14701,0
14702,2000
14703,2000
14714,0
14715,0
14720,2000
14721,0
14722,0
14723,2000
14734,2000
14735,2000
14736,0
14737,0
14748,2000
14749,0
14750,2000
14751,2000
14768,2000
14769,0
14770,2000
14771,2000
14776,0
14777,0
14790,2000
14791,0
14792,0
14793,0
14796,0
14797,0
14800,0
14801,0
14806,2000
14807,2000
14808,2000
14809,2000
14822,2000
14823,0
14840,0
14841,2000
14844,2000
14845,0
14846,2000
14847,2000
14848,0
14849,0
14852,0
14853,2000
14866,0
14867,0
14868,2000
14869,0
14872,2000
14873,2000
14874,2000
14875,0
14876,2000
14877,2000
14884,0
14885,0
14892,0
14893,0
14912,2000
14913,2000
14916,0
14917,2000
14918,2000
14919,2000
14920,0
14921,2000
14946,2000
14947,2000
14952,2000
14953,2000
14954,0
14955,0
14958,2000
14959,2000
14962,0
14963,2000
14964,0
14965,0
14968,2000
14969,2000
14984,0
14985,2000
14992,0
14993,2000
14994,2000
14995,2000
14996,0
14997,2000
15000,0
15001,2000
15004,0
15005,2000
15006,2000
15007,2000
15010,0
15011,0
15014,0
15015,2000
15016,0
15017,0
15018,0
15019,0
15028,2000
15029,2000
15036,0
15037,2000
15038,2000
15039,0
15040,2000
15041,2000
15054,0
15055,2000
15058,2000
15059,2000
15062,0
15063,2000
15064,2000
15065,2000
15066,2000
15067,2000
15068,2000
15069,2000
15072,0
15073,2000
15078,2000
15079,2000
15080,2000
15081,2000
15088,0
15089,2000
15090,2000
15091,2000
15100,2000
15101,0
15104,2000
15105,2000
15108,2000
15109,2000
15112,0
15113,2000
15114,0
15115,2000
15130,0
15131,2000
15132,0
15133,2000
15138,0
15139,2000
15144,0
15145,0
15152,0
15153,2000
15158,0
15159,0
15160,2000
15161,1000
15164,2000
15165,2000
15168,2000
15169,2000
15184,2000
15185,2000
15190,2000
15191,2000
15194,1500
15195,2000
15200,2000
15201,2000
15202,2000
15203,2000
15206,0
15207,0
15210,0
15211,0
15214,2000
15215,2000
15220,0
15221,0
15222,2000
15223,2000
15228,0
15229,2000
15234,0
15235,2000
15236,0
15237,2000
15240,0
15241,2000
15242,2000
15243,2000
15252,0
15253,2000
15254,0
15255,2000
15260,0
15261,2000
15264,2000
15265,2000
15272,0
15273,0
15280,0
15281,2000
15286,2000
15287,1500
15288,2000
15289,2000
15292,2000
15293,0
15294,2000
15295,0
15296,2000
15297,2000
15298,0
15299,0
15300,2000
15301,2000
15306,0
15307,2000
15310,0
15311,0
15318,0
15319,0
15320,2000
15321,0
15322,2000
15323,2000
15324,2000
15325,2000
15330,2000
15331,2000
15332,2000
15333,2000
15334,2000
15335,2000
15336,2000
15337,2000
15338,2000
15339,2000
15350,2000
15351,0
15356,2000
15357,2000
15360,2000
15361,2000
15372,2000
15373,2000
15378,2000
15379,2000
15382,0
15383,0
15394,2000
15395,2000
15396,0
15397,0
15398,2000
15399,0
15414,2000
15415,0
15418,2000
15419,0
15420,2000
15421,2000
15426,2000
15427,0
15430,2000
15431,0
15432,2000
15433,0
15444,0
15445,2000
15450,2000
15451,0
15454,2000
15455,0
15458,2000
15459,2000
15462,2000
15463,2000
15466,0
15467,0
15480,2000
15481,2000
15484,2000
15485,2000
15488,2000
15489,2000
15494,0
15495,2000
15508,2000
15509,2000
15516,0
15517,0
15522,2000
15523,0
15526,2000
15527,0
15534,2000
15535,2000
15546,0
15547,0
15556,0
15557,0
15572,2000
15573,0
15576,2000
15577,2000
15584,0
15585,0
15600,0
15601,0
15604,0
15605,0
15614,0
15615,0
15620,0
15621,0
15622,2000
15623,2000
15628,0
15629,0
15630,0
15631,0
15638,0
15639,0
15646,2000
15647,2000
15654,2000
15655,2000
15660,0
15661,0
15674,0
15675,2000
15676,0
15677,0
15678,0
15679,0
15680,0
15681,0
15690,2000
15691,0
15704,0
15705,0
15706,2000
15707,2000
15710,0
15711,0
15720,2000
15721,2000
15724,2000
15725,2000
15726,0
15727,2000
15732,0
15733,2000
15742,2000
15743,2000
15744,0
15745,0
15758,0
15759,2000
15784,0
15785,1000
15790,2000
15791,2000
15808,0
15809,0
15820,2000
15821,2000
15822,0
15823,2000
15826,0
15827,0
15832,0
15833,2000
15846,0
15847,0
15848,2000
15849,2000
15850,2000
15851,0
15852,2000
15853,2000
15856,2000
15857,2000
15862,2000
15863,2000
15864,2000
15865,2000
15886,0
15887,0
15892,0
15893,0
15898,0
15899,2000
15900,0
15901,0
15914,0
15915,0
15916,0
15917,0
15928,0
15929,0
15932,2000
15933,2000
15934,0
15935,0
15936,2000
15937,2000
15940,2000
15941,2000
15946,0
15947,0
15948,0
15949,0
15952,0
15953,0
15954,0
15955,2000
15964,0
15965,0
15968,0
15969,0
15970,0
15971,1500
15980,0
15981,2000
16004,2000
16005,0
16008,2000
16009,1500
16030,0
16031,0
16038,2000
16039,2000
16040,0
16041,0
16058,0
16059,0
16068,0
16069,0
16072,0
16073,0
16074,0
16075,0
16080,0
16081,2000
16086,2000
16087,2000
16088,2000
16089,2000
16090,0
16091,0
16094,0
16095,2000
16110,2000
16111,0
16132,0
16133,2000
16136,0
16137,2000
16140,0
16141,0
16148,2000
16149,2000
16150,0
16151,0
16152,0
16153,0
16168,0
16169,0
16172,0
16173,0
16190,0
16191,0
16192,0
16193,0
16198,0
16199,0
16208,0
16209,2000
16212,0
16213,2000
16216,2000
16217,2000
16226,2000
16227,2000
16238,2000
16239,2000
16246,2000
16247,2000
16248,0
16249,0
16250,0
16251,0
16254,0
16255,0
16258,0
16259,0
16260,0
16261,0
16268,2000
16269,2000
16272,0
16273,0
16274,2000
16275,2000
16276,0
16277,0
16282,2000
16283,2000
16284,2000
16285,2000
16286,0
16287,0
16292,0
16293,0
16294,0
16295,2000
16296,2000
16297,2000
16314,0
16315,0
16320,0
16321,0
16322,0
16323,0
16326,2000
16327,2000
16330,0
16331,0
16338,0
16339,0
16350,0
16351,0
16352,0
16353,2000
16354,0
16355,0
16368,0
16369,2000
16372,0
16373,2000
16378,0
16379,0
16390,0
16391,0
16394,0
16395,0
16396,2000
16397,0
16408,0
16409,0
16410,0
16411,0
16422,0
16423,0
16432,0
16433,0
16472,0
16473,0
16474,2000
16475,0
16490,2000
16491,0
16496,2000
16497,2000
16502,2000
16503,2000
16504,2000
16505,2000
16508,2000
16509,0
16526,0
16527,0
16530,0
16531,0
16534,0
16535,0
16536,2000
16537,0
16544,0
16545,2000
16552,2000
16553,2000
16560,0
16561,0
16564,0
16565,0
16566,0
16567,2000
16572,2000
16573,2000
16574,0
16575,0
16582,2000
16583,2000
16586,0
16587,0
16594,2000
16595,0
16602,0
16603,2000
16618,0
16619,0
16628,0
16629,0
16642,0
16643,0
16644,0
16645,2000
16660,2000
16661,2000
16664,2000
16665,2000
16666,2000
16667,2000
16682,0
16683,0
16686,2000
16687,2000
16692,0
16693,0
16698,0
16699,0
16700,0
16701,0
16704,2000
16705,2000
16708,2000
16709,0
16712,0
16713,2000
16724,0
16725,2000
16726,2000
16727,2000
16730,2000
16731,2000
16740,0
16741,0
16746,0
16747,0
16756,0
16757,2000
16762,2000
16763,2000
16768,0
16769,0
16778,0
16779,0
16784,2000
16785,0
16800,0
16801,0
16808,0
16809,2000
16816,2000
16817,0
16834,0
16835,0
16838,0
16839,0
16840,0
16841,2000
16846,2000
16847,0
16850,0
16851,0
16852,0
16853,0
16858,0
16859,0
16862,0
16863,0
16864,0
16865,2000
16876,0
16877,0
16882,0
16883,2000
16892,0
16893,0
16894,0
16895,0
16902,0
16903,2000
16906,0
16907,0
16908,0
16909,2000
16910,0
16911,2000
16914,2000
16915,0
16920,2000
16921,2000
16922,2000
16923,2000
16926,2000
16927,2000
16942,0
16943,0
16956,0
16957,0
16970,2000
16971,2000
16976,0
16977,0
16988,0
16989,0
16998,2000
16999,2000
17000,2000
17001,0
17008,2000
17009,2000
17010,0
17011,0
17012,2000
17013,2000
17020,0
17021,0
17022,0
17023,0
17024,0
17025,0
17028,2000
17029,2000
17036,0
17037,0
17042,0
17043,0
17046,0
17047,0
17066,0
17067,0
17080,0
17081,2000
17082,2000
17083,2000
17084,0
17085,0
17088,0
17089,0
17092,0
17093,2000
17096,0
17097,2000
17108,2000
17109,0
17110,2000
17111,2000
17112,0
17113,0
17124,0
17125,2000
17130,0
17131,0
17132,0
17133,2000
17134,0
17135,0
17136,0
17137,0
17138,0
17139,0
17144,2000
17145,2000
17146,2000
17147,2000
17156,0
17157,0
17158,0
17159,2000
17172,0
17173,0
17176,0
17177,0
17184,0
17185,0
17186,0
17187,0
17192,0
17193,0
17194,2000
17195,2000
17196,0
17197,2000
17198,2000
17199,0
17206,2000
17207,2000
17212,2000
17213,2000
17214,2000
17215,2000
17216,2000
17217,2000
17222,0
17223,0
17226,0
17227,0
17228,2000
17229,2000
17234,0
17235,2000
17238,2000
17239,2000
17250,2000
17251,2000
17260,2000
17261,0
17262,2000
17263,2000
17264,2000
17265,2000
17268,2000
17269,2000
17280,2000
17281,0
17282,0
17283,0
17286,0
17287,0
17294,2000
17295,0
17298,0
17299,0
17308,0
17309,0
17316,2000
17317,0
17320,0
17321,0
17326,0
17327,2000
17328,0
17329,0
17330,0
17331,2000
17340,0
17341,2000
17348,0
17349,0
17352,0
17353,2000
17360,2000
17361,0
17376,2000
17377,2000
17378,0
17379,0
17388,0
17389,2000
17396,0
17397,2000
17404,0
17405,2000
17414,0
17415,0
17420,0
17421,2000
17426,2000
17427,2000
17430,2000
17431,2000
17442,0
17443,0
17444,0
17445,0
17446,0
17447,0
17448,2000
17449,2000
17450,2000
17451,0
17452,0
17453,0
17458,0
17459,0
17464,2000
17465,2000
17468,0
17469,0
17470,0
17471,2000
17472,2000
17473,2000
17480,0
17481,0
17492,0
17493,0
17498,0
17499,0
17506,0
17507,0
17510,0
17511,0
17518,0
17519,2000
17522,0
17523,2000
17530,2000
17531,2000
17536,0
17537,0
17542,0
17543,2000
17546,0
17547,0
17548,0
17549,0
17550,2000
17551,0
17552,2000
17553,0
17554,2000
17555,0
17556,2000
17557,2000
17560,0
17561,2000
17566,0
17567,0
17570,2000
17571,0
17572,0
17573,0
17578,2000
17579,2000
17580,2000
17581,2000
17590,0
17591,0
17592,0
17593,0
17594,0
17595,2000
17598,0
17599,0
17602,0
17603,0
17604,0
17605,0
17606,0
17607,0
17608,2000
17609,0
17612,0
17613,0
17616,0
17617,0
17620,0
17621,0
17632,0
17633,0
17642,2000
17643,2000
17650,0
17651,0
17652,0
17653,0
17656,0
17657,0
17658,0
17659,0
17664,0
17665,0
17676,2000
17677,2000
17680,0
17681,2000
17682,0
17683,0
17684,0
17685,0
17688,0
17689,0
17692,0
17693,0
17694,0
17695,0
17696,0
17697,2000
17704,0
17705,0
17712,0
17713,0
17714,0
17715,0
17738,2000
17739,2000
17742,2000
17743,2000
17750,0
17751,0
17758,2000
17759,0
17762,0
17763,2000
17768,0
17769,0
17772,2000
17773,2000
17774,0
17775,0
17776,0
17777,2000
17778,0
17779,2000
17782,0
17783,0
17790,0
17791,0
17792,0
17793,0
17800,0
17801,2000
17804,0
17805,1500
17806,0
17807,2000
17812,2000
17813,2000
17816,0
17817,0
17820,0
17821,0
17830,0
17831,0
17836,0
17837,0
17844,0
17845,0
17862,0
17863,2000
17874,0
17875,0
17878,0
17879,0
17886,0
17887,0
17890,0
17891,0
17892,0
17893,0
17896,0
17897,0
17902,0
17903,0
17926,0
17927,0
17934,0
17935,0
17946,0
17947,0
17952,0
17953,0
17954,0
17955,0
17958,0
17959,0
17960,0
17961,0
17972,2000
17973,2000
17980,2000
17981,2000
17992,0
17993,0
17998,2000
17999,0
18006,0
18007,2000
18014,0
18015,0
18050,0
18051,0
18054,2000
18055,0
18062,0
18063,2000
18082,0
18083,0
18086,2000
18087,2000
18088,2000
18089,2000
18090,0
18091,0
18102,0
18103,2000
18106,0
18107,0
18108,2000
18109,2000
18114,2000
18115,2000
18116,0
18117,2000
18126,0
18127,2000
18128,0
18129,0
18132,0
18133,2000
18138,2000
18139,0
18146,0
18147,2000
18158,2000
18159,2000
18170,2000
18171,2000
18182,0
18183,0
18186,0
18187,0
18202,2000
18203,2000
18204,2000
18205,0
18206,0
18207,0
18212,0
18213,0
18216,0
18217,0
18220,0
18221,0
18228,0
18229,0
18240,2000
18241,0
18254,0
18255,0
18274,0
18275,2000
18276,0
18277,0
18280,0
18281,2000
18282,2000
18283,0
18290,0
18291,2000
18298,0
18299,0
18312,0
18313,0
18314,0
18315,2000
18320,0
18321,0
18324,0
18325,0
18326,0
18327,0
18332,0
18333,2000
18340,2000
18341,0
18350,2000
18351,2000
18352,0
18353,0
18368,0
18369,2000
18372,2000
18373,2000
18380,0
18381,0
18394,0
18395,0
18398,0
18399,0
18410,0
18411,0
18424,0
18425,2000
18430,0
18431,2000
18432,0
18433,2000
18448,0
18449,0
18450,0
18451,0
18456,0
18457,0
18458,0
18459,0
18464,0
18465,0
18468,2000
18469,0
18472,0
18473,0
18480,0
18481,2000
18486,0
18487,2000
18488,0
18489,0
18500,0
18501,0
18502,0
18503,0
18508,0
18509,0
18510,0
18511,0
18514,0
18515,2000
18516,0
18517,2000
18526,0
18527,2000
18530,0
18531,2000
18548,0
18549,0
18556,0
18557,0
18580,0
18581,0
18590,0
18591,0
18596,0
18597,0
18598,0
18599,0
18602,0
18603,0
18610,0
18611,2000
18612,2000
18613,2000
18614,0
18615,2000
18616,0
18617,0
18630,0
18631,0
18634,0
18635,0
18638,2000
18639,2000
18660,0
18661,0
18662,0
18663,0
18666,0
18667,0
18672,0
18673,0
18678,0
18679,0
18694,0
18695,0
18706,0
18707,0
18708,0
18709,0
18714,0
18715,0
18718,2000
18719,0
18724,0
18725,0
18730,0
18731,0
18732,0
18733,0
18744,0
18745,0
18746,2000
18747,2000
18748,2000
18749,2000
18750,0
18751,0
18752,0
18753,0
18760,0
18761,0
18768,0
18769,0
18776,0
18777,0
18782,0
18783,0
18788,0
18789,0
18804,0
18805,0
18808,0
18809,0
18816,0
18817,0
18818,0
18819,0
18826,0
18827,0
18830,0
18831,2000
18834,0
18835,0
18842,0
18843,0
18848,0
18849,0
18856,0
18857,0
18858,2000
18859,0
18868,2000
18869,0
18870,2000
18871,0
18874,0
18875,0
18876,0
18877,0
18884,0
18885,0
18886,0
18887,0
18888,0
18889,0
18894,0
18895,0
18898,2000
18899,2000
18900,2000
18901,2000
18902,2000
18903,0
18904,2000
18905,2000
18916,0
18917,0
18930,0
18931,0
18932,0
18933,0
18946,0
18947,2000
18952,0
18953,2000
18958,2000
18959,2000
18962,2000
18963,0
18968,0
18969,2000
18978,0
18979,0
18980,2000
18981,2000
18990,0
18991,0
18998,0
18999,0
19002,0
19003,0
19004,2000
19005,2000
19014,0
19015,0
19016,0
19017,0
19034,0
19035,0
19054,0
19055,0
19068,2000
19069,2000
19072,0
19073,0
19078,0
19079,0
19080,0
19081,0
19086,2000
19087,2000
19088,0
19089,0
19090,0
19091,0
19092,0
19093,0
19094,0
19095,0
19096,0
19097,0
19112,2000
19113,0
19114,0
19115,0
19128,0
19129,0
19132,0
19133,0
19156,0
19157,0
19158,0
19159,0
19160,0
19161,0
19162,0
19163,0
19164,0
19165,0
19172,0
19173,0
19174,0
19175,0
19176,0
19177,0
19178,0
19179,0
19180,0
19181,0
19182,0
19183,2000
19190,0
19191,0
19194,2000
19195,2000
19198,0
19199,0
19214,0
19215,0
19230,0
19231,0
19232,0
19233,0
19234,0
19235,0
19240,0
19241,0
19246,0
19247,0
19248,0
19249,0
19260,0
19261,0
19262,0
19263,2000
19264,0
19265,0
19276,0
19277,0
19292,0
19293,0
19296,0
19297,0
19308,0
19309,2000
19312,0
19313,0
19314,0
19315,0
19316,0
19317,0
19318,0
19319,2000
19326,0
19327,2000
19328,2000
19329,0
19334,0
19335,0
19336,0
19337,0
19342,2000
19343,2000
19354,0
19355,0
19360,0
19361,2000
19362,0
19363,0
19366,2000
19367,2000
19372,0
19373,0
19374,0
19375,0
19380,0
19381,2000
19382,2000
19383,0
19384,0
19385,0
19390,0
19391,0
19394,2000
19395,0
19398,0
19399,0
19408,0
19409,2000
19412,0
19413,0
19432,0
19433,0
19452,0
19453,0
19456,0
19457,0
19462,0
19463,0
19464,0
19465,0
19478,0
19479,0
19488,0
19489,0
19490,2000
19491,0
19494,0
19495,2000
19496,0
19497,2000
19500,0
19501,0
19502,0
19503,0
19506,0
19507,0
19510,2000
19511,0
19512,0
19513,0
19516,0
19517,0
19546,0
19547,0
19560,0
19561,0
19566,0
19567,0
19572,0
19573,0
19586,2000
19587,2000
19588,0
19589,0
19590,0
19591,0
19596,0
19597,0
19598,0
19599,0
19606,0
19607,0
19608,0
19609,0
19616,0
19617,0
19620,0
19621,0
19624,0
19625,0
19626,0
19627,0
19628,0
19629,0
19632,0
19633,0
19646,0
19647,0
19652,0
19653,0
19654,0
19655,0
19658,0
19659,0
19668,0
19669,0
19670,0
19671,0
19674,0
19675,0
19676,0
19677,0
19678,0
19679,0
19680,0
19681,0
19682,0
19683,0
19692,0
19693,0
19700,0
19701,2000
19704,0
19705,0
19706,0
19707,2000
19708,2000
19709,0
19710,0
19711,2000
19716,0
19717,0
19718,2000
19719,2000
19722,0
19723,0
19724,0
19725,0
19736,2000
19737,0
19740,0
19741,0
19744,0
19745,0
19750,0
19751,0
19760,0
19761,0
19762,0
19763,0
19768,0
19769,0
19778,2000
19779,2000
19780,0
19781,0
19786,0
19787,0
19794,2000
19795,2000
19800,0
19801,0
19806,0
19807,0
19808,0
19809,0
19832,2000
19833,2000
19834,0
19835,0
19838,0
19839,0
19842,0
19843,0
19848,0
19849,0
19856,0
19857,0
19860,0
19861,0
19862,0
19863,0
19868,0
19869,0
19886,0
19887,0
19888,0
19889,0
19892,0
19893,0
19902,0
19903,0
19904,0
19905,0
19910,0
19911,0
19918,0
19919,0
19924,0
19925,0
19926,0
19927,0
19930,0
19931,0
19932,0
19933,0
19934,0
19935,0
19936,0
19937,0
19940,0
19941,0
19946,0
19947,2000
19948,0
19949,0
19950,0
19951,0
19954,0
19955,2000
19960,0
19961,0
19962,0
19963,0
19968,0
19969,0
19974,0
19975,0
19976,0
19977,0
19988,0
19989,0
19990,0
19991,2000
20010,0
20011,0
20014,0
20015,0
20018,0
20019,0
20020,0
20021,0
20022,0
20023,0
20032,0
20033,0
20038,0
20039,0
20040,0
20041,0
20044,0
20045,0
20046,0
20047,0
20060,0
20061,0
20064,0
20065,0
20068,0
20069,0
20078,0
20079,0
20086,0
20087,0
20088,0
20089,0
20092,0
20093,0
20094,0
20095,0
20102,0
20103,0
20104,0
20105,0
20116,0
20117,2000
20120,2000
20121,0
20126,0
20127,0
20128,0
20129,0
20130,0
20131,0
20134,0
20135,0
20138,0
20139,0
20140,0
20141,0
20144,0
20145,0
20146,0
20147,0
20156,0
20157,0
20164,0
20165,0
20176,0
20177,0
20178,0
20179,0
20180,0
20181,0
20186,2000
20187,0
20194,0
20195,0
20204,0
20205,0
20206,0
20207,0
20208,0
20209,0
20212,0
20213,0
20216,0
20217,0
20222,0
20223,0
20224,0
20225,0
20226,0
20227,0
20230,0
20231,0
20232,0
20233,0
20246,0
20247,0
20248,0
20249,0
20256,0
20257,0
20260,0
20261,0
20262,0
20263,0
20266,0
20267,0
20270,0
20271,0
20274,0
20275,0
20278,2000
20279,0
20282,0
20283,0
20286,2000
20287,2000
20290,0
20291,0
20298,0
20299,0
20308,0
20309,0
20312,0
20313,0
20314,0
20315,2000
20329,0
20345,0
20362,2000
20363,0
20368,2000
20369,2000
20370,0
20371,0
20376,0
20377,0
20380,0
20381,0
20384,2000
20385,2000
20390,0
20391,0
20392,0
20393,0
20400,0
20401,0
20406,0
20407,0
20418,0
20419,0
20424,0
20425,0
20426,0
20427,2000
20432,0
20433,0
20442,0
20443,2000
20454,0
20455,0
20462,0
20463,2000
20464,0
20465,2000
20468,0
20469,1500
20470,0
20471,2000
20472,2000
20473,2000
20476,0
20477,0
20486,0
20487,0
20488,0
20489,0
20490,0
20491,0
20500,0
20501,0
20504,0
20505,0
20506,0
20507,0
20516,0
20517,0
20528,0
20529,0
20530,0
20531,0
20532,0
20533,0
20536,0
20537,0
20540,0
20541,0
20542,0
20543,0
20546,0
20547,0
20552,0
20553,0
20554,0
20555,0
20558,0
20559,0
20564,0
20565,0
20568,0
20569,2000
20572,0
20573,0
20576,0
20577,0
20588,0
20589,0
20600,0
20601,0
20616,0
20617,0
20636,0
20637,2000
20644,0
20645,2000
20654,0
20655,0
20666,0
20667,0
20670,0
20671,0
20674,0
20675,0
20678,0
20679,0
20680,0
20681,0
20686,0
20687,0
20696,0
20697,0
20700,0
20701,0
20702,0
20703,0
20704,0
20705,0
20706,0
20707,0
20712,0
20713,0
20724,0
20725,0
20726,0
20727,0
20746,0
20747,0
20750,0
20751,0
20754,0
20755,0
20758,0
20759,0
20776,0
20777,0
20800,0
20801,0
20802,0
20803,2000
20810,2000
20811,2000
20818,2000
20819,2000
20820,0
20821,0
20822,0
20823,2000
20824,2000
20825,2000
20828,0
20829,0
20832,0
20833,2000
20842,2000
20843,0
20854,2000
20855,2000
20860,0
20861,0
20862,2000
20863,0
20870,0
20871,0
20882,0
20883,0
20884,0
20885,0
20888,0
20889,2000
20896,0
20897,2000
20904,0
20905,2000
20922,0
20923,0
20924,2000
20925,0
20926,0
20927,0
20930,0
20931,0
20936,0
20937,0
20942,0
20943,0
20944,0
20945,2000
20946,0
20947,0
20948,0
20949,0
20954,0
20955,0
20960,0
20961,0
20972,0
20973,0
20976,0
20977,0
20988,0
20989,0
20996,0
20997,0
20998,0
20999,0
21004,0
21005,0
21006,0
21007,0
21008,0
21009,0
21010,0
21011,0
21012,0
21013,0
21020,0
21021,0
21030,0
21031,0
21042,2000
21043,0
21046,0
21047,0
21056,0
21057,0
21066,0
21067,0
21076,0
21077,0
21088,0
21089,2000
21090,2000
21091,2000
21092,0
21093,0
21098,0
21099,0
21106,2000
21107,0
21108,2000
21109,0
21122,0
21123,0
21124,0
21125,0
21126,0
21127,0
21128,0
21129,0
21130,0
21131,0
21134,0
21135,0
21136,0
21137,2000
21144,0
21145,0
21146,2000
21147,2000
21150,0
21151,0
21156,2000
21157,0
21158,0
21159,0
21160,0
21161,0
21162,0
21163,0
21170,0
21171,0
21198,0
21199,2000
21206,2000
21207,0
21208,0
21209,0
21210,0
21211,0
21216,0
21217,0
21224,0
21225,0
21230,0
21231,0
21236,0
21237,2000
21270,0
21271,0
21276,0
21277,0
21284,0
21285,0
21300,0
21301,0
21302,0
21303,0
21310,2000
21311,0
21318,0
21319,0
21328,0
21329,0
21342,0
21343,2000
21350,0
21351,0
21354,2000
21355,0
21358,0
21359,0
21360,0
21361,0
21366,0
21367,0
21374,0
21375,0
21376,0
21377,0
21378,0
21379,1000
21380,0
21381,0
21382,0
21383,2000
21392,0
21393,0
21394,0
21395,0
21414,0
21415,0
21416,0
21417,0
21418,0
21419,0
21422,0
21423,0
21426,0
21427,0
21446,0
21447,2000
21472,0
21473,0
21474,2000
21475,0
21484,0
21485,2000
21488,0
21489,0
21504,0
21505,0
21512,0
21513,0
21516,2000
21517,0
21520,2000
21521,2000
21524,0
21525,0
21536,0
21537,0
21538,2000
21539,2000
21540,2000
21541,0
21552,0
21553,0
21554,0
21555,0
21568,0
21569,0
21574,0
21575,0
21586,0
21587,2000
21592,2000
21593,0
21596,0
21597,0
21600,0
21601,2000
21606,0
21607,0
21610,0
21611,2000
21616,2000
21617,2000
21624,0
21625,0
21626,0
21627,0
21636,0
21637,0
21638,0
21639,0
21640,0
21641,0
21642,0
21643,0
21654,0
21655,0
21660,0
21661,0
21668,0
21669,0
21674,0
21675,0
21680,0
21681,0
21698,0
21699,2000
21702,0
21703,0
21708,0
21709,0
21710,0
21711,0
21712,0
21713,0
21734,0
21735,0
21736,0
21737,0
21740,2000
21741,0
21748,0
21749,2000
21752,0
21753,0
21754,0
21755,0
21760,0
21761,0
21762,0
21763,2000
21766,0
21767,0
21778,0
21779,2000
21780,2000
21781,2000
21798,0
21799,0
21814,0
21815,0
21818,0
21819,0
21824,0
21825,0
21828,0
21829,0
21830,0
21831,0
21836,0
21837,0
21838,0
21839,0
21844,0
21845,0
21860,0
21861,1000
21866,0
21867,0
21872,0
21873,0
21892,0
21893,2000
21896,2000
21897,0
21900,0
21901,0
21902,0
21903,0
21920,0
21921,0
21922,0
21923,0
21928,0
21929,2000
21930,0
21931,0
21938,0
21939,0
21946,0
21947,0
21952,0
21953,0
21954,2000
21955,2000
21960,0
21961,0
21966,0
21967,0
21968,0
21969,0
21970,0
21971,0
21972,0
21973,0
21982,0
21983,0
21984,0
21985,0
21988,2000
21989,2000
21990,0
21991,0
21992,2000
21993,2000
22000,0
22001,0
22002,0
22003,0
22018,0
22019,0
22022,0
22023,0
22028,0
22029,0
22030,0
22031,0
22038,0
22039,0
22060,0
22061,0
22068,0
22069,0
22072,0
22073,0
22078,0
22079,0
22088,0
22089,0
22100,0
22101,0
22104,0
22105,0
22108,0
22109,0
22112,0
22113,0
22118,0
22119,0
22120,0
22121,0
22126,0
22127,0
22134,0
22135,0
22136,0
22137,0
22138,0
22139,0
22140,0
22141,0
22144,0
22145,0
22146,0
22147,0
22148,0
22149,0
22158,0
22159,0
22160,0
22161,0
22162,0
22163,0
22170,0
22171,0
22180,0
22181,0
22196,0
22197,0
22198,0
22199,0
22206,0
22207,0
22212,0
22213,0
22222,0
22223,0
22224,0
22225,0
22230,0
22231,0
22234,0
22235,0
22238,0
22239,0
22246,0
22247,0
22250,0
22251,0
22252,0
22253,0
22260,0
22261,0
22264,0
22265,0
22270,0
22271,0
22276,0
22277,0
22280,0
22281,0
22296,0
22297,0
22300,0
22301,0
22322,0
22323,0
22326,0
22327,0
22334,0
22335,0
22344,0
22345,0
22356,0
22357,0
22362,0
22363,0
22368,0
22369,0
22370,0
22371,0
22372,0
22373,0
22374,0
22375,0
22376,0
22377,0
22380,0
22381,0
22382,0
22383,0
22384,0
22385,0
22408,0
22409,0
22414,0
22415,0
22418,0
22419,0
22424,0
22425,0
22426,0
22427,0
22436,0
22437,0
22454,0
22455,0
22464,0
22465,0
22468,0
22469,0
22480,0
22481,0
22482,0
22483,0
22488,0
22489,0
22500,0
22501,0
22502,0
22503,0
22504,0
22505,0
22508,0
22509,0
22510,0
22511,0
22516,0
22517,0
22522,0
22523,0
22536,0
22537,0
22542,0
22543,0
22544,0
22545,0
22546,0
22547,0
22554,0
22555,0
22556,0
22557,0
22558,0
22559,0
22562,0
22563,0
22572,0
22573,0
22580,0
22581,0
22582,0
22583,0
22584,0
22585,0
22588,0
22589,0
22592,0
22593,0
22598,0
22599,0
22600,0
22601,0
22604,0
22605,0
22610,0
22611,0
22614,0
22615,0
22618,0
22619,0
22624,0
22625,0
22630,0
22631,0
22632,0
22633,0
22636,0
22637,0
22640,0
22641,0
22644,0
22645,0
22646,0
22647,0
22650,0
22651,0
22658,0
22659,0
22660,0
22661,0
22662,0
22663,0
22664,0
22665,0
22670,0
22671,0
22676,0
22677,0
22678,0
22679,0
22682,0
22683,0
22684,0
22685,0
22686,0
22687,0
22692,0
22693,0
22698,0
22699,0
22700,0
22701,0
22714,0
22715,0
22720,0
22721,0
22726,0
22727,0
22734,0
22735,0
22748,0
22749,0
22752,0
22753,0
22756,0
22757,0
22764,0
22765,0
22778,0
22779,0
22812,0
22813,0
22814,0
22815,0
22816,0
22817,0
22818,0
22819,0
22820,0
22821,0
22826,0
22827,0
22832,0
22833,0
22838,0
22839,0
22844,0
22845,0
22856,0
22857,0
22864,0
22865,0
22868,0
22869,0
22874,0
22875,0
22878,0
22879,0
22880,0
22881,0
22898,0
22899,0
22916,0
22917,0
22918,0
22919,0
22920,0
22921,0
22928,0
22929,0
22938,0
22939,0
22940,0
22941,0
22946,0
22947,0
22960,0
22961,0
22962,0
22963,0
22976,0
22977,2000
22978,0
22979,0
22982,0
22983,0
22984,0
22985,0
22994,0
22995,0
22996,0
22997,0
23002,0
23003,0
23008,0
23009,0
23010,0
23011,0
23012,0
23013,0
23024,0
23025,0
23026,0
23027,0
23032,0
23033,0
23036,0
23037,0
23048,0
23049,0
23052,0
23053,2000
23058,0
23059,0
23062,0
23063,0
23064,0
23065,0
23070,0
23071,0
23074,0
23075,0
23076,0
23077,0
23078,0
23079,0
23080,0
23081,0
23088,0
23089,0
23094,0
23095,0
23098,0
23099,0
23108,0
23109,0
23114,0
23115,0
23120,0
23121,0
23126,0
23127,0
23128,0
23129,0
23136,0
23137,0
23142,0
23143,0
23156,0
23157,0
23166,0
23167,0
23170,0
23171,0
23176,0
23177,0
23178,0
23179,0
23180,0
23181,0
23182,0
23183,0
23184,0
23185,0
23192,0
23193,0
23200,0
23201,0
23208,0
23209,0
23210,0
23211,0
23220,0
23221,0
23226,0
23227,0
23232,0
23233,0
23234,0
23235,0
23236,0
23237,0
23242,0
23243,0
23250,0
23251,0
23264,0
23265,0
23276,0
23277,0
23284,0
23285,0
23290,0
23291,0
23296,0
23297,0
23298,0
23299,0
23306,0
23307,0
23310,0
23311,0
23314,0
23315,0
23324,0
23325,0
23332,0
23333,0
23340,0
23341,0
23350,0
23351,0
23356,0
23357,0
23358,0
23359,0
23368,0
23369,0
23370,0
23371,0
23382,0
23383,0
23384,0
23385,0
23406,0
23407,0
23408,0
23409,0
23426,0
23427,2000
23428,0
23429,0
23432,0
23433,0
23442,0
23443,0
23446,0
23447,0
23448,0
23449,0
23450,0
23451,0
23456,0
23457,0
23466,0
23467,0
23480,0
23481,0
23482,0
23483,0
23496,0
23497,0
23498,0
23499,0
23510,0
23511,0
23530,0
23531,0
23532,0
23533,0
23534,0
23535,0
23536,0
23537,0
23552,0
23553,0
23574,0
23575,0
23578,0
23579,0
23594,0
23595,0
23604,0
23605,2000
23608,0
23609,0
23612,0
23613,0
23614,0
23615,0
23616,0
23617,0
23618,0
23619,0
23620,0
23621,0
23622,0
23623,0
23638,0
23639,0
23640,0
23641,0
23652,0
23653,0
23656,0
23657,0
23658,0
23659,0
23678,0
23679,0
23680,0
23681,0
23686,0
23687,0
23688,0
23689,0
23690,0
23691,0
23692,0
23693,0
23710,0
23711,0
23722,0
23723,0
23732,0
23733,0
23736,0
23737,0
23746,0
23747,0
23754,0
23755,0
23756,0
23757,0
23758,0
23759,0
23762,0
23763,0
23764,0
23765,0
23766,0
23767,0
23770,0
23771,0
23782,0
23783,0
23794,0
23795,0
23798,0
23799,0
23804,0
23805,0
23806,0
23807,0
23814,0
23815,0
23822,0
23823,0
23826,0
23827,0
23830,0
23831,2000
23832,0
23833,0
23838,0
23839,0
23850,0
23851,0
23852,0
23853,0
23854,0
23855,0
23858,0
23859,0
23862,0
23863,0
23870,0
23871,0
23876,0
23877,0
23890,0
23891,0
23894,0
23895,0
23900,0
23901,0
23906,0
23907,0
23928,0
23929,0
23930,0
23931,0
23944,0
23945,0
23948,0
23949,0
23952,0
23953,0
23954,0
23955,0
23960,0
23961,0
23976,0
23977,0
23978,0
23979,0
23980,0
23981,0
23990,0
23991,0
23992,0
23993,0
24002,0
24003,0
24012,0
24013,0
24014,0
24015,0
24020,0
24021,0
24022,0
24023,0
24026,0
24027,0
24032,0
24033,0
24048,0
24049,0
24056,0
24057,0
24078,0
24079,2000
24080,0
24081,0
24090,0
24091,0
24098,0
24099,0
24108,0
24109,0
24112,0
24113,0
24116,0
24117,0
24118,0
24119,0
24120,0
24121,0
24126,0
24127,0
24132,0
24133,0
24134,0
24135,0
24136,0
24137,0
24156,0
24157,0
24176,0
24177,0
24184,0
24185,0
24198,0
24199,0
24200,0
24201,0
24224,0
24225,0
24236,0
24237,0
24240,0
24241,0
24242,0
24243,0
24254,0
24255,0
24258,0
24259,0
24268,0
24269,2000
24272,0
24273,0
24274,0
24275,0
24276,0
24277,0
24286,0
24287,0
24290,0
24291,0
24300,0
24301,0
24304,0
24305,0
24306,0
24307,0
24308,0
24309,0
24312,0
24313,0
24314,0
24315,0
24316,0
24317,0
24320,0
24321,0
24322,0
24323,0
24332,0
24333,0
24334,0
24335,0
24336,0
24337,0
24338,0
24339,2000
24348,0
24349,0
24350,0
24351,0
24352,0
24353,0
24358,0
24359,0
24370,0
24371,0
24374,0
24375,0
24376,0
24377,0
24382,0
24383,0
24394,0
24395,0
24404,0
24405,0
24406,0
24407,0
24408,0
24409,0
24410,0
24411,0
24418,0
24419,0
24422,0
24423,0
24424,0
24425,0
24438,0
24439,1000
24452,0
24453,0
24454,0
24455,0
24458,0
24459,0
24462,0
24463,0
24472,0
24473,0
24480,0
24481,2000
24484,0
24485,0
24486,0
24487,0
24492,0
24493,2000
24502,0
24503,0
24506,0
24507,0
24508,0
24509,0
24510,0
24511,0
24528,0
24529,0
24532,0
24533,0
24536,0
24537,0
24540,0
24541,0
24544,0
24545,0
24546,0
24547,0
24552,0
24553,0
24558,0
24559,0
24562,0
24563,0
24572,0
24573,0
24574,0
24575,0
24578,0
24579,0
24582,0
24583,0
24604,0
24605,0
24606,0
24607,0
24610,0
24611,0
24614,0
24615,0
24618,0
24619,0
24620,0
24621,0
24622,0
24623,0
24630,0
24631,0
24632,0
24633,0
24634,0
24635,0
24636,0
24637,0
24638,0
24639,0
24642,0
24643,0
24644,0
24645,0
24660,0
24661,0
24662,0
24663,2000
24672,0
24673,0
24682,0
24683,0
24684,0
24685,0
24688,0
24689,0
24694,0
24695,0
24698,0
24699,0
24700,0
24701,0
24710,0
24711,0
24716,0
24717,2000
24722,0
24723,0
24726,0
24727,0
24732,0
24733,0
24740,0
24741,0
24746,0
24747,0
24754,0
24755,2000
24760,0
24761,0
24762,0
24763,0
24766,0
24767,0
24776,0
24777,0
24780,0
24781,0
24786,0
24787,0
24788,0
24789,0
24796,0
24797,0
24808,0
24809,0
24810,0
24811,0
24816,0
24817,2000
24820,0
24821,0
24830,0
24831,0
24832,0
24833,0
24858,0
24859,0
24864,0
24865,0
24880,0
24881,0
24886,0
24887,0
24888,0
24889,0
24892,0
24893,0
24896,0
24897,0
24898,0
24899,0
24904,0
24905,0
24906,0
24907,0
24912,0
24913,0
24916,0
24917,0
24924,0
24925,0
24926,0
24927,0
24930,0
24931,0
24938,0
24939,0
24948,0
24949,0
24954,0
24955,0
24966,0
24967,0
24968,0
24969,0
24980,0
24981,0
24986,0
24987,0
24990,0
24991,0
24998,0
24999,0
25000,0
25001,0
25006,0
25007,0
25022,0
25023,0
25024,0
25025,0
25026,0
25027,0
25030,0
25031,0
25032,0
25033,0
25034,0
25035,0
25036,0
25037,0
25042,0
25043,0
25046,0
25047,0
25052,0
25053,0
25054,0
25055,0
25056,0
25057,2000
25058,0
25059,0
25062,0
25063,0
25068,0
25069,0
25074,0
25075,0
25076,0
25077,0
25078,0
25079,0
25082,0
25083,0
25090,0
25091,0
25100,0
25101,0
25106,0
25107,0
25108,0
25109,0
25110,0
25111,0
25112,0
25113,0
25120,0
25121,0
25122,0
25123,0
25128,0
25129,0
25134,0
25135,0
25136,0
25137,0
25144,0
25145,0
25152,0
25153,0
25154,0
25155,0
25156,0
25157,0
25158,0
25159,0
25168,0
25169,0
25170,0
25171,0
25182,0
25183,0
25192,0
25193,0
25194,0
25195,2000
25202,0
25203,0
25204,0
25205,0
25208,0
25209,0
25226,0
25227,0
25228,0
25229,0
25232,0
25233,0
25240,0
25241,0
25258,0
25259,0
25262,0
25263,0
25266,0
25267,0
25270,0
25271,0
25278,0
25279,0
25286,0
25287,0
25288,0
25289,0
25290,0
25291,0
25302,0
25303,0
25310,0
25311,0
25316,0
25317,0
25332,0
25333,0
25340,0
25341,0
25342,0
25343,0
25346,0
25347,0
25352,0
25353,0
25364,0
25365,0
25368,0
25369,0
25376,0
25377,0
25386,0
25387,0
25390,0
25391,0
25392,0
25393,0
25396,0
25397,0
25400,0
25401,2000
25404,0
25405,0
25412,0
25413,0
25414,0
25415,0
25418,0
25419,0
25424,0
25425,0
25426,0
25427,0
25434,0
25435,0
25436,0
25437,0
25438,0
25439,0
25440,0
25441,0
25442,0
25443,0
25446,0
25447,0
25448,0
25449,0
25454,0
25455,0
25458,0
25459,0
25468,0
25469,0
25472,0
25473,0
25476,0
25477,0
25488,0
25489,0
25490,0
25491,0
25502,0
25503,0
25504,0
25505,0
25512,0
25513,0
25518,0
25519,0
25520,0
25521,0
25524,0
25525,0
25526,0
25527,0
25534,0
25535,0
25544,0
25545,0
25552,0
25553,0
25560,0
25561,0
25568,0
25569,0
25570,0
25571,0
25572,0
25573,0
25576,0
25577,0
25580,0
25581,0
25594,0
25595,0
25598,0
25599,0
25606,0
25607,0
25610,0
25611,0
25614,0
25615,0
25616,0
25617,0
25618,0
25619,0
25620,0
25621,0
25622,0
25623,0
25644,0
25645,0
25646,0
25647,0
25658,0
25659,0
25662,0
25663,0
25664,0
25665,0
25668,0
25669,0
25676,0
25677,0
25678,0
25679,0
25680,0
25681,0
25682,0
25683,0
25704,0
25705,0
25718,0
25719,0
25720,0
25721,0
25726,0
25727,0
25736,0
25737,0
25746,0
25747,2000
25760,0
25761,0
25764,0
25765,0
25776,0
25777,0
25782,0
25783,0
25788,0
25789,0
25792,0
25793,0
25794,0
25795,0
25798,0
25799,0
25804,0
25805,0
25806,0
25807,0
25808,0
25809,0
25812,0
25813,0
25832,0
25833,0
25834,0
25835,0
25838,0
25839,0
25840,0
25841,0
25842,0
25843,0
25856,0
25857,0
25866,0
25867,0
25882,0
25883,0
25886,0
25887,0
25890,0
25891,0
25904,0
25905,0
25906,0
25907,0
25910,0
25911,0
25912,0
25913,0
25918,0
25919,0
25920,0
25921,0
25946,0
25947,0
25948,0
25949,0
25960,0
25961,0
25964,0
25965,0
25968,0
25969,0
25982,0
25983,0
25986,0
25987,0
26002,0
26003,0
26004,0
26005,0
26010,0
26011,0
26012,0
26013,0
26014,0
26015,0
26016,0
26017,0
26018,0
26019,0
26026,0
26027,0
26028,0
26029,0
26038,0
26039,0
26040,0
26041,0
26042,0
26043,0
26060,0
26061,0
26062,0
26063,0
26066,0
26067,0
26068,0
26069,0
26070,0
26071,0
26078,0
26079,0
26080,0
26081,0
26086,0
26087,0
26088,0
26089,0
26100,0
26101,0
26106,0
26107,0
26110,0
26111,0
26120,0
26121,0
26124,0
26125,0
26128,0
26129,0
26138,0
26139,0
26142,0
26143,0
26148,0
26149,0
26152,0
26153,0
26154,0
26155,0
26160,0
26161,0
26162,0
26163,0
26164,0
26165,0
26166,0
26167,0
26168,0
26169,0
26174,0
26175,0
26178,0
26179,0
26184,0
26185,0
26186,0
26187,0
26188,0
26189,0
26198,0
26199,0
26200,0
26201,0
26204,0
26205,0
26206,0
26207,0
26208,0
26209,0
26210,0
26211,0
26212,0
26213,0
26214,0
26215,0
26218,0
26219,0
26220,0
26221,0
26230,0
26231,0
26232,0
26233,0
26236,0
26237,0
26244,0
26245,0
26246,0
26247,0
26254,0
26255,0
26256,0
26257,0
26258,0
26259,0
26262,0
26263,0
26268,0
26269,0
26270,0
26271,0
26272,0
26273,0
26278,0
26279,0
26288,0
26289,0
26292,0
26293,0
26296,0
26297,0
26298,0
26299,0
26300,0
26301,0
26308,0
26309,0
26316,0
26317,0
26320,0
26321,0
26322,0
26323,0
26334,0
26335,0
26338,0
26339,0
26342,0
26343,0
26346,0
26347,0
26348,0
26349,0
26358,0
26359,0
26360,0
26361,0
26362,0
26363,0
26374,0
26375,0
26376,0
26377,0
26378,0
26379,0
26380,0
26381,0
26382,0
26383,0
26384,0
26385,0
26392,0
26393,0
26396,0
26397,0
26398,0
26399,0
26402,0
26403,0
26412,0
26413,0
26416,0
26417,0
26440,0
26441,0
26444,0
26445,0
26454,0
26455,0
26456,0
26457,0
26466,0
26467,0
26470,0
26471,0
26478,0
26479,0
26484,0
26485,0
26486,0
26487,0
26492,0
26493,0
26502,0
26503,0
26504,0
26505,0
26508,0
26509,0
26510,0
26511,0
26514,0
26515,0
26518,0
26519,0
26520,0
26521,0
26522,0
26523,0
26524,0
26525,0
26528,0
26529,0
26530,0
26531,0
26532,0
26533,0
26534,0
26535,0
26536,0
26537,0
26538,0
26539,0
26544,0
26545,0
26554,0
26555,0
26558,0
26559,0
26562,0
26563,0
26580,0
26581,0
26582,0
26583,0
26588,0
26589,0
26590,0
26591,0
26598,0
26599,0
26602,0
26603,0
26604,0
26605,0
26606,0
26607,0
26614,0
26615,0
26616,0
26617,0
26620,0
26621,0
26624,0
26625,0
26632,0
26633,0
26634,0
26635,0
26636,0
26637,0
26640,0
26641,0
26644,0
26645,0
26646,0
26647,0
26648,0
26649,0
26652,0
26653,0
26670,0
26671,0
26672,0
26673,0
26702,0
26703,0
26704,0
26705,0
26706,0
26707,0
26710,0
26711,0
26714,0
26715,0
26718,0
26719,0
26730,0
26731,0
26734,0
26735,0
26740,0
26741,0
26742,0
26743,0
26756,0
26757,0
26766,0
26767,0
26774,0
26775,0
26776,0
26777,0
26784,0
26785,0
26788,0
26789,0
26800,0
26801,0
26802,0
26803,0
26804,0
26805,0
26814,0
26815,0
26816,0
26817,0
26818,0
26819,0
26822,0
26823,0
26844,0
26845,0
26846,0
26847,0
26856,0
26857,0
26860,0
26861,0
26864,0
26865,0
26872,0
26873,0
26874,0
26875,0
26876,0
26877,0
26888,0
26889,0
26894,0
26895,0
26898,0
26899,0
26900,0
26901,0
26902,0
26903,0
26908,0
26909,0
26910,0
26911,0
26918,0
26919,0
26924,0
26925,0
26928,0
26929,0
26936,0
26937,0
26944,0
26945,0
26954,0
26955,0
26960,0
26961,0
26962,0
26963,0
26964,0
26965,0
26976,0
26977,0
26978,0
26979,0
26980,0
26981,0
26992,0
26993,0
26996,0
26997,0
27000,0
27001,0
27006,0
27007,0
27008,0
27009,0
27012,0
27013,0
27018,0
27019,0
27024,0
27025,0
27026,0
27027,0
27034,0
27035,0
27036,0
27037,0
27038,0
27039,0
27050,0
27051,0
27068,0
27069,0
27070,0
27071,0
27080,0
27081,0
27082,0
27083,0
27088,0
27089,0
27090,0
27091,2000
27094,0
27095,0
27110,0
27111,0
27114,0
27115,0
27116,0
27117,0
27120,0
27121,0
27130,0
27131,0
27132,0
27133,0
27134,0
27135,0
27136,0
27137,2000
27144,0
27145,0
27150,0
27151,0
27160,0
27161,0
27162,0
27163,0
27174,0
27175,0
27192,0
27193,0
27196,0
27197,0
27206,0
27207,0
27210,0
27211,0
27212,0
27213,0
27214,0
27215,0
27228,0
27229,0
27234,0
27235,0
27238,0
27239,0
27242,0
27243,0
27244,0
27245,0
27248,0
27249,0
27254,0
27255,0
27262,0
27263,0
27264,0
27265,0
27274,0
27275,0
27276,0
27277,0
27278,0
27279,0
27284,0
27285,0
27286,0
27287,0
27294,0
27295,0
27298,0
27299,0
27302,0
27303,2000
27304,0
27305,0
27312,0
27313,0
27320,0
27321,0
27332,0
27333,0
27336,0
27337,0
27342,0
27343,0
27354,0
27355,0
27358,0
27359,0
27366,0
27367,0
27370,0
27371,0
27372,0
27373,0
27374,0
27375,0
27387,0
27388,0
27389,0
27396,0
27397,0
27400,0
27401,0
27402,0
27403,0
27408,0
27409,0
27426,0
27427,0
27440,0
27441,0
27444,0
27445,0
27454,0
27455,0
27460,0
27461,0
27464,0
27465,0
27472,0
27473,0
27478,0
27479,0
27480,0
27481,0
27486,0
27487,0
27496,0
27497,0
27498,0
27499,0
27500,0
27501,0
27508,0
27509,0
27516,0
27517,0
27518,0
27519,0
27528,0
27529,0
27536,0
27537,0
27538,0
27539,0
27546,0
27547,0
27548,0
27549,0
27552,0
27553,0
27554,0
27555,0
27556,0
27557,0
27560,0
27561,0
27568,0
27569,0
27570,0
27571,0
27572,0
27573,0
27582,0
27583,0
27586,0
27587,0
27588,0
27589,0
27590,0
27591,0
27592,0
27593,0
27596,0
27597,0
27598,0
27599,0
27600,0
27601,0
27608,0
27609,0
27614,0
27615,0
27620,0
27621,0
27622,0
27623,0
27634,0
27635,0
27636,0
27637,0
27642,0
27643,0
27644,0
27645,0
27646,0
27647,0
27656,0
27657,0
27662,0
27663,0
27664,0
27665,0
27670,0
27671,0
27674,0
27675,0
27678,0
27679,0
27690,0
27691,0
27698,0
27699,0
27702,0
27703,0
27708,0
27709,0
27718,0
27719,0
27724,0
27725,0
27740,0
27741,0
27742,0
27743,0
27760,0
27761,0
27764,0
27765,0
27768,0
27769,0
27776,0
27777,0
27784,0
27785,0
27790,0
27791,0
27802,0
27803,0
27808,0
27809,0
27816,0
27817,0
27818,0
27819,0
27822,0
27823,0
27832,0
27833,0
27836,0
27837,0
27838,0
27839,0
27840,0
27841,0
27844,0
27845,2000
27848,0
27849,0
27852,0
27853,0
27856,0
27857,0
27866,0
27867,0
27868,0
27869,0
27870,0
27871,0
27872,0
27873,0
27878,0
27879,0
27888,0
27889,0
27892,0
27893,0
27896,0
27897,0
27898,0
27899,0
27900,0
27901,0
27908,0
27909,0
27910,0
27911,0
27922,0
27923,0
27928,0
27929,0
27930,0
27931,0
27932,0
27933,0
27938,0
27939,0
27940,0
27941,0
27942,0
27943,0
27944,0
27945,0
27946,0
27947,0
27954,0
27955,0
27960,0
27961,0
27966,0
27967,0
27968,0
27969,0
27984,0
27985,0
27988,0
27989,0
28000,0
28001,0
28010,0
28011,0
28014,0
28015,0
28018,0
28019,0
28030,0
28031,0
28036,0
28037,0
28042,0
28043,0
28052,0
28053,0
28056,0
28057,0
28060,0
28061,0
28068,0
28069,0
28082,0
28083,0
28088,0
28089,0
28096,0
28097,0
28102,0
28103,0
28116,0
28117,0
28124,0
28125,0
28126,0
28127,0
28128,0
28129,0
28130,0
28131,0
28132,0
28133,0
28142,0
28143,0
28144,0
28145,0
28146,0
28147,0
28148,0
28149,0
28152,0
28153,0
28156,0
28157,0
28162,0
28163,0
28172,0
28173,0
28174,0
28175,0
28176,0
28177,0
28196,0
28197,0
28210,0
28211,0
28212,0
28213,0
28218,0
28219,0
28226,0
28227,0
28244,0
28245,0
28248,0
28249,0
28258,0
28259,0
28260,0
28261,0
28268,0
28269,0
28270,0
28271,0
28276,0
28277,0
28292,0
28293,0
28304,0
28305,0
28308,0
28309,0
28312,0
28313,0
28328,0
28329,0
28332,0
28333,0
28334,0
28335,0
28336,0
28337,0
28338,0
28339,0
28340,0
28341,0
28342,0
28343,0
28346,0
28347,0
28354,0
28355,0
28364,0
28365,0
28366,0
28367,0
28376,0
28377,0
28394,0
28395,0
28400,0
28401,0
28404,0
28405,0
28408,0
28409,0
28410,0
28411,0
28416,0
28417,0
28432,0
28433,0
28436,0
28437,0
28438,0
28439,0
28440,0
28441,0
28446,0
28447,0
28454,0
28455,0
28458,0
28459,0
28472,0
28473,0
28478,0
28479,0
28480,0
28481,0
28482,0
28483,0
28484,0
28485,0
28494,0
28495,0
28498,0
28499,0
28500,0
28501,0
28514,0
28515,0
28524,0
28525,0
28528,0
28529,0
28532,0
28533,0
28534,0
28535,0
28538,0
28539,0
28540,0
28541,0
28544,0
28545,0
28548,0
28549,0
28552,0
28553,0
28556,0
28557,0
28562,0
28563,0
28566,0
28567,0
28568,0
28569,0
28574,0
28575,0
28578,0
28579,0
28582,0
28583,0
28592,0
28593,0
28602,0
28603,0
28606,0
28607,0
28608,0
28609,0
28614,0
28615,0
28616,0
28617,0
28622,0
28623,0
28630,0
28631,0
28638,0
28639,0
28644,0
28645,0
28650,0
28651,0
28660,0
28661,0
28662,0
28663,0
28664,0
28665,0
28668,0
28669,0
28670,0
28671,0
28676,0
28677,0
28682,0
28683,0
28686,0
28687,0
28694,0
28695,0
28696,0
28697,0
28704,0
28705,0
28706,0
28707,0
28718,0
28719,0
28724,0
28725,0
28726,0
28727,0
28732,0
28733,0
28740,0
28741,0
28742,0
28743,0
28748,0
28749,0
28756,0
28757,0
28758,0
28759,0
28760,0
28761,0
28762,0
28763,0
28780,0
28781,0
28786,0
28787,0
28788,0
28789,0
28790,0
28791,0
28806,0
28807,0
28808,0
28809,0
28812,0
28813,0
28824,0
28825,0
28828,0
28829,0
28836,0
28837,0
28840,0
28841,0
28842,0
28843,0
28844,0
28845,0
28854,0
28855,0
28856,0
28857,0
28860,0
28861,0
28862,0
28863,0
28868,0
28869,0
28870,0
28871,0
28874,0
28875,0
28880,0
28881,2000
28884,0
28885,0
28888,0
28889,0
28890,0
28891,0
28894,0
28895,0
28896,0
28897,0
28900,0
28901,0
28902,0
28903,0
28908,0
28909,0
28914,0
28915,0
28922,0
28923,0
28924,0
28925,0
28926,0
28927,0
28934,0
28935,0
28938,0
28939,0
28940,0
28941,0
28942,0
28943,0
28948,0
28949,0
28950,0
28951,0
28958,0
28959,0
28960,0
28961,2000
28970,0
28971,0
28978,0
28979,0
28980,0
28981,0
28982,0
28983,0
28984,0
28985,0
28996,0
28997,0
29004,0
29005,0
29006,0
29007,0
29012,0
29013,0
29016,0
29017,0
29030,0
29031,0
29032,0
29033,0
29034,0
29035,0
29042,0
29043,0
29044,0
29045,0
29046,0
29047,0
29056,0
29057,0
29066,0
29067,0
29068,0
29069,0
29070,0
29071,0
29076,0
29077,0
29104,0
29105,0
29108,0
29109,0
29114,0
29115,0
29126,0
29127,0
29132,0
29133,0
29140,0
29141,0
29154,0
29155,0
29162,0
29163,0
29174,0
29175,0
29178,0
29179,0
29184,0
29185,0
29186,0
29187,0
29188,0
29189,0
29190,0
29191,0
29194,0
29195,0
29196,0
29197,0
29204,0
29205,0
29216,0
29217,0
29224,0
29225,0
29228,0
29229,0
29238,0
29239,0
29242,0
29243,0
29256,0
29257,0
29258,0
29259,0
29260,0
29261,0
29264,0
29265,0
29270,0
29271,0
29280,0
29281,0
29286,0
29287,0
29288,0
29289,0
29290,0
29291,0
29298,0
29299,0
29300,0
29301,0
29308,0
29309,0
29312,0
29313,0
29314,0
29315,0
29320,0
29321,0
29322,0
29323,0
29328,0
29329,0
29336,0
29337,0
29346,0
29347,0
29348,0
29349,0
29358,0
29359,0
29370,0
29371,0
29372,0
29373,0
29380,0
29381,0
29394,0
29395,0
29404,0
29405,0
29412,0
29413,0
29442,0
29443,0
29444,0
29445,0
29460,0
29461,0
29464,0
29465,0
29468,0
29469,0
29472,0
29473,0
29480,0
29481,0
29484,0
29485,0
29486,0
29487,0
29496,0
29497,0
29500,0
29501,0
29502,0
29503,0
29506,0
29507,0
29510,0
29511,0
29512,0
29513,0
29514,0
29515,0
29522,0
29523,0
29524,0
29525,0
29532,0
29533,0
29544,0
29545,0
29546,0
29547,0
29550,0
29551,0
29556,0
29557,0
29564,0
29565,0
29566,0
29567,0
29572,0
29573,0
29578,0
29579,0
29580,0
29581,0
29588,0
29589,0
29594,0
29595,0
29600,0
29601,0
29606,0
29607,0
29620,0
29621,0
29622,0
29623,0
29626,0
29627,0
29634,0
29635,0
29636,0
29637,0
29642,0
29643,0
29644,0
29645,0
29650,0
29651,0
29656,0
29657,0
29664,0
29665,0
29678,0
29679,0
29686,0
29687,0
29688,0
29689,0
29692,0
29693,0
29696,0
29697,0
29698,0
29699,0
29702,0
29703,0
29706,0
29707,0
29710,0
29711,0
29718,0
29719,0
29732,0
29733,0
29746,0
29747,0
29750,0
29751,0
29754,0
29755,0
29756,0
29757,0
29762,0
29763,0
29764,0
29765,0
29774,0
29775,0
29780,0
29781,0
29782,0
29783,0
29786,0
29787,0
29790,0
29791,0
29794,0
29795,0
29800,0
29801,0
29814,0
29815,0
29816,0
29817,0
29822,0
29823,0
29838,0
29839,0
29846,0
29847,0
29852,0
29853,0
29856,0
29857,0
29862,0
29863,0
29868,0
29869,0
29872,0
29873,0
29874,0
29875,0
29878,0
29879,0
29884,0
29885,0
29890,0
29891,0
29894,0
29895,0
29898,0
29899,0
29900,0
29901,0
29902,0
29903,0
29912,0
29913,0
29914,0
29915,0
29942,0
29943,0
29950,0
29951,0
29954,0
29955,0
29970,0
29971,0
29972,0
29973,0
29976,0
29977,0
29992,0
29993,0
30010,0
30011,0
30022,0
30023,0
30026,0
30027,0
30030,0
30031,0
30034,0
30035,0
30036,0
30037,0
30044,0
30045,0
30060,0
30061,0
30062,0
30063,0
30068,0
30069,0
30072,0
30073,0
30082,0
30083,0
30088,0
30089,0
30090,0
30091,0
30092,0
30093,0
30094,0
30095,0
30096,0
30097,0
30110,0
30111,0
30116,0
30117,0
30132,0
30133,0
30134,0
30135,0
30144,0
30145,0
30156,0
30157,0
30162,0
30163,0
30170,0
30171,0
30174,0
30175,0
30184,0
30185,0
30192,0
30193,0
30206,0
30207,0
30208,0
30209,0
30210,0
30211,0
30222,0
30223,0
30228,0
30229,0
30230,0
30231,0
30234,0
30235,0
30236,0
30237,0
30238,0
30239,0
30246,0
30247,0
30248,0
30249,0
30258,0
30259,0
30264,0
30265,0
30270,0
30271,0
30288,0
30289,0
30292,0
30293,0
30294,0
30295,0
30296,0
30297,0
30306,0
30307,0
30310,0
30311,0
30322,0
30323,0
30324,0
30325,0
30326,0
30327,0
30328,0
30329,0
30340,0
30341,0
30344,0
30345,0
30364,0
30365,0
30374,0
30375,0
30376,0
30377,0
30378,0
30379,0
30392,0
30393,0
30402,0
30403,0
30414,0
30415,0
30434,0
30435,0
30440,0
30441,0
30444,0
30445,0
30446,0
30447,0
30452,0
30453,0
30470,0
30471,0
30472,0
30473,0
30474,0
30475,0
30478,0
30479,0
30480,0
30481,0
30496,0
30497,0
30498,0
30499,0
30500,0
30501,0
30502,0
30503,0
30516,0
30517,0
30524,0
30525,0
30532,0
30533,0
30534,0
30535,0
30544,0
30545,0
30546,0
30547,0
30550,0
30551,0
30556,0
30557,0
30560,0
30561,0
30568,0
30569,0
30572,0
30573,0
30580,0
30581,0
30588,0
30589,0
30590,0
30591,0
30596,0
30597,0
30600,0
30601,0
30606,0
30607,0
30610,0
30611,0
30622,0
30623,0
30624,0
30625,0
30632,0
30633,0
30636,0
30637,0
30638,0
30639,0
30650,0
30651,0
30654,0
30655,0
30658,0
30659,0
30660,0
30661,0
30664,0
30665,0
30672,0
30673,0
30678,0
30679,0
30704,0
30705,0
30708,0
30709,0
30718,0
30719,0
30722,0
30723,0
30724,0
30725,0
30728,0
30729,0
30730,0
30731,0
30736,0
30737,0
30738,0
30739,0
30746,0
30747,0
30752,0
30753,0
30756,0
30757,0
30762,0
30763,0
30770,0
30771,0
30776,0
30777,0
30782,0
30783,0
30784,0
30785,0
30786,0
30787,0
30788,0
30789,0
30796,0
30797,0
30800,0
30801,0
30814,0
30815,0
30818,0
30819,0
30832,0
30833,0
30836,0
30837,0
30850,0
30851,0
30852,0
30853,0
30860,0
30861,0
30864,0
30865,0
30866,0
30867,0
30880,0
30881,0
30882,0
30883,0
30886,0
30887,0
30888,0
30889,0
30892,0
30893,0
30898,0
30899,0
30916,0
30917,0
30938,0
30939,0
30940,0
30941,0
30948,0
30949,0
30954,0
30955,0
30960,0
30961,0
30962,0
30963,0
30972,0
30973,0
30974,0
30975,0
30976,0
30977,0
30986,0
30987,0
30990,0
30991,0
31010,0
31011,0
31012,0
31013,0
31032,0
31033,0
31042,0
31043,0
31044,0
31045,0
31050,0
31051,0
31054,0
31055,0
31062,0
31063,0
31070,0
31071,0
31088,0
31089,0
31090,0
31091,0
31092,0
31093,0
31096,0
31097,0
31113,0
31115,0
31117,0
31120,0
31121,0
31122,0
31123,2000
31124,0
31125,0
31132,0
31133,0
31150,0
31151,0
31154,0
31155,0
31160,0
31161,0
31162,0
31163,0
31166,0
31167,0
31168,0
31169,0
31172,0
31173,0
31174,0
31175,0
31194,0
31195,0
31204,0
31205,0
31206,0
31207,0
31208,0
31209,1500
31216,0
31217,0
31222,0
31223,0
31228,0
31229,0
31232,0
31233,0
31234,0
31235,0
31238,0
31239,0
31240,0
31241,0
31246,0
31247,0
31252,0
31253,0
31254,0
31255,0
31258,0
31259,0
31264,0
31265,0
31274,0
31275,0
31276,0
31277,0
31278,0
31279,0
31288,0
31289,0
31296,0
31297,0
31298,0
31299,0
31304,0
31305,0
31306,0
31307,0
31324,0
31325,0
31326,0
31327,0
31336,0
31337,0
31340,0
31341,0
31344,0
31345,0
31352,0
31353,0
31366,0
31367,0
31370,0
31371,0
31394,0
31395,0
31410,0
31411,0
31414,0
31415,0
31432,0
31433,0
31436,0
31437,0
31438,0
31439,0
31440,0
31441,0
31444,0
31445,0
31448,0
31449,0
31460,0
31461,0
31468,0
31469,0
31478,0
31479,0
31488,0
31489,0
31490,0
31491,0
31492,0
31493,0
31494,0
31495,0
31502,0
31503,0
31510,0
31511,0
31512,0
31513,0
31520,0
31521,0
31522,0
31523,0
31524,0
31525,0
31528,0
31529,0
31532,0
31533,0
31536,0
31537,0
31544,0
31545,0
31546,0
31547,0
31550,0
31551,0
31552,0
31553,2000
31556,0
31557,0
31560,0
31561,0
31562,0
31563,0
31566,0
31567,0
31572,0
31573,0
31584,0
31585,0
31588,0
31589,0
31590,0
31591,0
31598,0
31599,0
31600,0
31601,0
31610,0
31611,0
31620,0
31621,0
31630,0
31631,0
31634,0
31635,0
31638,0
31639,0
31640,0
31641,0
31648,0
31649,0
31654,0
31655,0
31656,0
31657,0
31658,0
31659,0
31670,0
31671,0
31678,0
31679,0
31680,0
31681,0
31684,0
31685,0
31698,0
31699,0
31714,0
31715,0
31716,0
31717,0
31722,0
31723,0
31724,0
31725,0
31728,0
31729,0
31734,0
31735,0
31742,0
31743,0
31744,0
31745,0
31746,0
31747,0
31756,0
31757,0
31758,0
31759,0
31764,0
31765,0
31768,0
31769,0
31774,0
31775,0
31784,0
31785,0
31792,0
31793,0
31796,0
31797,0
31798,0
31799,0
31800,0
31801,0
31802,0
31803,0
31806,0
31807,0
31808,0
31809,0
31812,0
31813,0
31830,0
31831,0
31838,0
31839,0
31842,0
31843,0
31844,0
31845,0
31858,0
31859,0
31862,0
31863,0
31874,0
31875,0
31880,0
31881,0
31882,0
31883,0
31888,0
31889,0
31894,0
31895,0
31896,0
31897,0
31900,0
31901,0
31906,0
31907,0
31928,0
31929,0
31932,0
31933,0
31944,0
31945,0
31946,0
31947,0
31948,0
31949,0
31950,0
31951,0
31960,0
31961,0
31964,0
31965,0
31978,0
31979,0
31984,0
31985,0
31990,0
31991,0
32006,0
32007,0
32014,0
32015,0
32018,0
32019,0
32020,0
32021,0
32022,0
32023,0
32024,0
32025,0
32026,0
32027,0
32028,0
32029,0
32036,0
32037,0
32038,0
32039,0
32044,0
32045,0
32046,0
32047,0
32048,0
32049,0
32054,0
32055,0
32060,0
32061,0
32064,0
32065,0
32066,0
32067,0
32068,0
32069,0
32072,0
32073,0
32076,0
32077,0
32096,0
32097,0
32102,0
32103,0
32104,0
32105,0
32106,0
32107,0
32110,0
32111,0
32114,0
32115,0
32118,0
32119,0
32122,0
32123,0
32130,0
32131,0
32132,0
32133,0
32138,0
32139,0
32146,0
32147,0
32152,0
32153,0
32154,0
32155,0
32164,0
32165,0
32170,0
32171,0
32174,0
32175,0
32178,0
32179,0
32186,0
32187,0
32200,0
32201,0
32204,0
32205,0
32208,0
32209,0
32216,0
32217,0
32222,0
32223,0
32228,0
32229,0
32236,0
32237,0
32238,0
32239,0
32242,0
32243,0
32250,0
32251,0
32252,0
32253,0
32258,0
32259,0
32260,0
32261,0
32264,0
32265,0
32266,0
32267,0
32274,0
32275,0
32282,0
32283,0
32284,0
32285,0
32292,0
32293,0
32294,0
32295,0
32314,0
32315,0
32322,0
32323,0
32332,0
32333,0
32336,0
32337,0
32344,0
32345,0
32352,0
32353,0
32362,0
32363,0
32364,0
32365,0
32366,0
32367,0
32368,0
32369,0
32372,0
32373,0
32376,0
32377,0
32378,0
32379,0
32388,0
32389,0
32396,0
32397,0
32398,0
32399,0
32400,0
32401,0
32406,0
32407,0
32410,0
32411,0
32412,0
32413,0
32414,0
32415,0
32416,0
32417,0
32418,0
32419,0
32424,0
32425,0
32428,0
32429,0
32434,0
32435,0
32438,0
32439,0
32442,0
32443,0
32450,0
32451,0
32454,0
32455,0
32462,0
32463,0
32474,0
32475,0
32476,0
32477,0
32484,0
32485,0
32494,0
32495,0
32496,0
32497,0
32500,0
32501,0
32506,0
32507,0
32510,0
32511,0
32512,0
32513,0
32526,0
32527,0
32540,0
32541,0
32542,0
32543,0
32550,0
32551,0
32552,0
32553,0
32562,0
32563,0
32564,0
32565,0
32566,0
32567,0
32568,0
32569,0
32578,0
32579,0
32582,0
32583,0
32584,0
32585,0
32586,0
32587,0
32606,0
32607,0
32610,0
32611,0
32612,0
32613,0
32618,0
32619,0
32622,0
32623,0
32644,0
32645,0
32646,0
32647,0
32649,0
32656,0
32657,0
